project_id,project_type,region,project_manager,tender_type,start_date,planned_end_date,actual_end_date,planned_duration_months,actual_duration_months,delay_months,delay_cause,status,contracted_budget_bwp,actual_cost_bwp,cost_variance_bwp,overrun_pct,will_overrun,labour_cost_bwp,material_cost_bwp,equipment_cost_bwp,subcontractor_cost_bwp,overhead_cost_bwp,material_waste_cost_bwp,material_waste_pct,workforce_headcount,quality_score,bid_estimate_bwp,bid_accuracy_pct,risk_score
SCL-0001,Government Office,Gaborone,PM_Moeti,Private,2019-02-24,2019-12-21,2020-06-18,10,16,6,Scope creep,Completed,5561000.0,7012200.0,1451200.0,26.1,1,1992700.0,2333600.0,716100.0,490000.0,1479800.0,317200.0,13.6,24,81.7,5680100.0,81.0,0.1809
SCL-0002,Road Construction,Francistown,PM_Segametsi,Government,2021-10-10,2024-05-27,2024-09-24,32,36,4,Scope creep,Completed,6421000.0,7961800.0,1540800.0,24.0,1,2629400.0,2799300.0,823900.0,763900.0,945300.0,265800.0,9.5,23,56.8,6384400.0,80.2,0.6376
SCL-0003,Commercial Building,Serowe,PM_Kebonye,Private,2021-03-31,2022-06-24,2022-07-24,15,16,1,Subcontractor failure,Completed,2733000.0,2649900.0,-83100.0,0.0,0,910200.0,1126500.0,340300.0,310100.0,-37200.0,40900.0,3.6,14,73.4,2758600.0,95.9,0.6116
SCL-0004,Residential Building,Maun,PM_Segametsi,Government,2020-06-18,2022-05-09,2022-05-09,23,23,0,None,Completed,11217000.0,10460700.0,-756300.0,0.0,0,4065400.0,3497600.0,1310100.0,803100.0,784500.0,81200.0,2.3,38,76.7,10624800.0,98.4,0.547
SCL-0005,Government Office,Maun,PM_Segametsi,Private,2020-12-20,2021-10-16,2022-02-13,10,14,4,Subcontractor failure,Completed,10536000.0,14998100.0,4462100.0,42.4,1,5099100.0,5812200.0,2696400.0,957400.0,433000.0,648300.0,11.2,37,72.4,9724000.0,64.8,0.6555
SCL-0006,Residential Building,Maun,PM_Moeti,Government,2023-12-08,2025-07-30,,20,33,13,Labour disputes,Active,7757000.0,10290500.0,2533500.0,32.7,1,4239100.0,4137200.0,1757400.0,1287200.0,-1130400.0,287400.0,6.9,23,,7487200.0,72.8,0.2524
SCL-0007,Education Infrastructure,Gaborone,PM_Ditiro,Private,2019-03-12,2020-03-06,2020-03-06,12,12,0,None,Completed,4762000.0,4530000.0,-232000.0,0.0,0,1365300.0,1877100.0,735200.0,466800.0,85600.0,138800.0,7.4,17,76.5,4949500.0,90.7,0.3227
SCL-0008,Commercial Building,Francistown,PM_Moeti,Government,2018-12-17,2019-10-13,2019-10-13,10,10,0,None,Completed,11078000.0,10354800.0,-723200.0,0.0,0,4317100.0,3933800.0,1582000.0,1498200.0,-976300.0,128100.0,3.3,34,87.0,11572700.0,88.2,0.2748
SCL-0009,Healthcare Facility,Francistown,PM_Ditiro,Government,2022-11-30,2023-10-26,2023-11-25,11,12,1,Design changes,Completed,6439000.0,6967100.0,528100.0,8.2,1,1971300.0,2669000.0,700700.0,841500.0,784600.0,400400.0,15.0,20,71.3,6114200.0,87.8,0.4464
SCL-0010,Healthcare Facility,Francistown,PM_Ditiro,Government,2024-05-27,2025-01-22,2025-01-22,8,8,0,None,Completed,2871000.0,2815200.0,-55800.0,0.0,0,974700.0,1016500.0,429900.0,240500.0,153600.0,29900.0,2.9,13,87.3,2865300.0,98.2,0.352
SCL-0011,Government Office,Gaborone,PM_Moeti,Government,2020-10-15,2021-07-12,2021-08-11,9,10,1,Material delivery delays,Completed,6741000.0,7696500.0,955500.0,14.2,1,2653500.0,3318500.0,1267200.0,1043600.0,-586300.0,208500.0,6.3,26,89.1,6081800.0,79.0,0.2559
SCL-0012,Road Construction,Francistown,PM_Kebonye,Government,2022-07-01,2025-05-16,,35,36,1,Equipment breakdown,Active,13590000.0,13411000.0,-179000.0,0.0,0,3759100.0,4808700.0,2183400.0,1053100.0,1606700.0,541700.0,11.3,31,,12835800.0,95.7,0.7258
SCL-0013,Road Construction,Serowe,PM_Moeti,Private,2023-05-07,2025-06-25,,26,30,4,Design changes,Active,4258000.0,6516400.0,2258400.0,53.0,1,1897700.0,2136600.0,1003600.0,479100.0,999400.0,323000.0,15.1,21,,3857600.0,59.2,0.2734
SCL-0014,Road Construction,Maun,PM_Ditiro,Private,2021-07-10,2023-12-27,2025-03-21,30,45,15,Subcontractor failure,Completed,7494000.0,9351700.0,1857700.0,24.8,1,3497900.0,3226300.0,1497700.0,535400.0,594400.0,334700.0,10.4,24,71.5,7042700.0,75.3,0.5357
SCL-0015,Commercial Building,Gaborone,PM_Kebonye,Government,2021-05-24,2023-06-13,2023-06-13,25,25,0,None,Completed,4524000.0,4521200.0,-2800.0,0.0,0,1783100.0,1559400.0,791700.0,286800.0,100200.0,134600.0,8.6,21,62.4,4256400.0,94.1,0.4098
SCL-0016,Healthcare Facility,Francistown,PM_Ditiro,Government,2023-09-02,2024-06-28,2024-07-28,10,11,1,Cash flow constraints,Completed,6147000.0,5701800.0,-445200.0,0.0,0,2271900.0,1789500.0,696400.0,287100.0,656900.0,111600.0,6.2,24,73.2,6183000.0,91.6,0.3054
SCL-0017,Healthcare Facility,Gaborone,PM_Moeti,Government,2019-09-03,2021-04-25,2021-06-24,20,22,2,Design changes,Completed,8088000.0,7992200.0,-95800.0,0.0,0,2380400.0,2767200.0,1308200.0,1087500.0,448900.0,304100.0,11.0,30,89.6,7708300.0,96.4,0.1695
SCL-0018,Healthcare Facility,Maun,PM_Kebonye,Private,2019-12-27,2020-08-23,2020-09-22,8,9,1,Cash flow constraints,Completed,3047000.0,3041000.0,-6000.0,0.0,0,1165100.0,1063800.0,499300.0,414800.0,-102000.0,120300.0,11.3,18,63.5,2917100.0,95.9,0.4584
SCL-0019,Road Construction,Maun,PM_Kebonye,Government,2021-06-04,2022-12-26,2023-09-22,19,28,9,Scope creep,Completed,23206000.0,32024700.0,8818700.0,38.0,1,10753400.0,10945700.0,5183700.0,2725800.0,2416100.0,676500.0,6.2,54,74.9,22038100.0,68.8,0.7595
SCL-0020,Road Construction,Gaborone,PM_Ditiro,Government,2018-06-06,2019-09-29,2020-07-25,16,26,10,Design changes,Completed,24176000.0,30637800.0,6461800.0,26.7,1,11703500.0,10632900.0,4317300.0,2712000.0,1272100.0,1627400.0,15.3,53,75.1,21764500.0,71.0,0.5294
SCL-0021,Healthcare Facility,Francistown,PM_Ditiro,Government,2021-09-14,2023-05-07,2023-09-04,20,24,4,Scope creep,Completed,8601000.0,12901700.0,4300700.0,50.0,1,4528500.0,5161100.0,2009800.0,1360400.0,-158100.0,544200.0,10.5,27,83.3,8706100.0,67.5,0.3602
SCL-0022,Residential Building,Serowe,PM_Ditiro,Government,2021-03-21,2022-06-14,2022-09-12,15,18,3,Subcontractor failure,Completed,10254000.0,14795300.0,4541300.0,44.3,1,5399300.0,5153800.0,2279200.0,1496100.0,466900.0,644800.0,12.5,34,75.7,10181100.0,68.8,0.2997
SCL-0023,Road Construction,Francistown,PM_Ditiro,Government,2018-07-09,2019-03-06,2019-03-06,8,8,0,None,Completed,7381000.0,7338000.0,-43000.0,0.0,0,2480400.0,2894600.0,1142600.0,729700.0,90700.0,114200.0,3.9,21,83.1,7474300.0,98.1,0.5387
SCL-0024,Road Construction,Maun,PM_Kebonye,Government,2023-03-18,2025-03-07,,24,34,10,Labour disputes,Active,24075000.0,28278500.0,4203500.0,17.5,1,11276500.0,10419800.0,4338100.0,4207500.0,-1963400.0,1940600.0,18.6,57,,24886700.0,88.0,0.7771
SCL-0025,Healthcare Facility,Serowe,PM_Segametsi,Private,2019-10-14,2021-06-05,2021-08-04,20,22,2,Cash flow constraints,Completed,5473000.0,6423200.0,950200.0,17.4,1,2371900.0,2664800.0,964400.0,497500.0,-75400.0,369400.0,13.9,21,60.4,5658800.0,88.1,0.5951
SCL-0026,Road Construction,Francistown,PM_Kebonye,Government,2020-05-26,2022-11-12,2024-06-04,30,49,19,Material delivery delays,Completed,18267000.0,22903200.0,4636200.0,25.4,1,8152800.0,8299300.0,3060100.0,3217500.0,173500.0,706800.0,8.5,47,78.8,17482600.0,76.3,0.6346
SCL-0027,Road Construction,Palapye,PM_Ditiro,Private,2022-09-13,2025-06-29,,34,35,1,Weather conditions,Active,21776000.0,20211900.0,-1564100.0,0.0,0,7040900.0,6891100.0,2650000.0,2362500.0,1267400.0,472500.0,6.9,53,,22602000.0,88.2,0.5298
SCL-0028,Healthcare Facility,Serowe,PM_Moeti,Private,2018-04-22,2019-08-15,2020-02-11,16,22,6,Scope creep,Completed,5817000.0,7354500.0,1537500.0,26.4,1,2951800.0,2406800.0,928100.0,702100.0,365700.0,226800.0,9.4,28,82.7,5603100.0,76.2,0.2297
SCL-0029,Road Construction,Maun,PM_Moeti,Private,2020-07-07,2022-01-28,2022-02-27,19,20,1,Design changes,Completed,4146000.0,3895800.0,-250200.0,0.0,0,1608800.0,1285200.0,437100.0,244000.0,320700.0,28300.0,2.2,18,85.9,3960800.0,98.3,0.3196
SCL-0030,Healthcare Facility,Serowe,PM_Moeti,Private,2019-03-19,2020-01-13,2020-01-13,10,10,0,None,Completed,2477000.0,2292900.0,-184100.0,0.0,0,826800.0,1000200.0,402000.0,160100.0,-96200.0,57500.0,5.8,14,92.1,2488300.0,91.5,0.1618
SCL-0031,Commercial Building,Serowe,PM_Moeti,Private,2021-11-23,2022-08-20,2022-12-18,9,13,4,Weather conditions,Completed,11055000.0,15187000.0,4132000.0,37.4,1,4279300.0,5513000.0,2045400.0,1309400.0,2039900.0,735100.0,13.3,36,85.4,11550500.0,76.1,0.2332
SCL-0032,Commercial Building,Serowe,PM_Segametsi,Government,2021-01-04,2023-02-23,2024-03-19,26,39,13,Labour disputes,Completed,15212000.0,17839800.0,2627800.0,17.3,1,7329400.0,6098300.0,2855000.0,1908600.0,-351500.0,772300.0,12.7,44,55.7,14105700.0,79.1,0.661
SCL-0033,Residential Building,Palapye,PM_Ditiro,Government,2024-03-26,2025-05-20,,14,15,1,Subcontractor failure,Active,10743000.0,15148000.0,4405000.0,41.0,1,5277600.0,6267100.0,2297500.0,1500900.0,-195100.0,1049100.0,16.7,30,,10320400.0,68.1,0.4751
SCL-0034,Residential Building,Palapye,PM_Ditiro,Government,2024-03-04,2025-09-25,,19,28,9,Weather conditions,Active,7075000.0,9915100.0,2840100.0,40.1,1,3152300.0,3348400.0,1144300.0,614300.0,1655800.0,236100.0,7.1,23,,7151300.0,72.1,0.3431
SCL-0035,Commercial Building,Serowe,PM_Ditiro,Private,2020-07-20,2021-12-12,2022-01-11,17,18,1,Subcontractor failure,Completed,15322000.0,15166800.0,-155200.0,0.0,0,4343300.0,4674100.0,2662200.0,1725800.0,1761400.0,230000.0,4.9,40,87.5,14868600.0,98.0,0.4494
SCL-0036,Education Infrastructure,Palapye,PM_Kebonye,Private,2023-05-11,2024-10-02,2025-03-01,17,22,5,Subcontractor failure,Completed,2113000.0,2287700.0,174700.0,8.3,1,798100.0,884300.0,256500.0,299900.0,48900.0,147400.0,16.7,12,81.9,2144000.0,93.7,0.4131
SCL-0037,Healthcare Facility,Serowe,PM_Kebonye,Private,2022-12-19,2024-08-10,2025-01-07,20,25,5,Subcontractor failure,Completed,4167000.0,5560100.0,1393100.0,33.4,1,1603700.0,2468800.0,895300.0,625800.0,-33500.0,165100.0,6.7,17,63.5,3797200.0,68.3,0.4713
SCL-0038,Road Construction,Maun,PM_Segametsi,Government,2020-08-06,2021-05-03,2021-09-30,9,14,5,Design changes,Completed,13338000.0,15890300.0,2552300.0,19.1,1,6361600.0,4936800.0,1925300.0,2051800.0,614800.0,442700.0,9.0,37,64.8,13299900.0,83.7,0.8304
SCL-0039,Commercial Building,Francistown,PM_Moeti,Government,2024-05-20,2026-08-08,,27,29,2,Labour disputes,Active,14682000.0,14324800.0,-357200.0,0.0,0,4818200.0,4882400.0,1934100.0,1572900.0,1117200.0,361300.0,7.4,39,,13270800.0,92.6,0.3707
SCL-0040,Residential Building,Serowe,PM_Moeti,Private,2024-06-18,2025-08-12,,14,22,8,Subcontractor failure,Active,8559000.0,12223400.0,3664400.0,42.8,1,4227700.0,4861600.0,1399800.0,1326600.0,407700.0,1000200.0,20.6,28,,8227400.0,67.3,0.1672
SCL-0041,Commercial Building,Gaborone,PM_Kebonye,Government,2022-06-29,2023-11-21,2024-10-16,17,28,11,Equipment breakdown,Completed,13099000.0,15813900.0,2714900.0,20.7,1,5143600.0,7045500.0,2232400.0,2353300.0,-960900.0,836400.0,11.9,31,69.1,12499900.0,79.0,0.5901
SCL-0042,Education Infrastructure,Maun,PM_Moeti,Government,2021-03-25,2022-09-16,2022-09-16,18,18,0,None,Completed,3656000.0,3451800.0,-204200.0,0.0,0,1025200.0,1539400.0,411300.0,227300.0,248600.0,124500.0,8.1,16,87.4,3834600.0,88.9,0.0801
SCL-0043,Road Construction,Maun,PM_Moeti,Government,2021-04-10,2023-09-27,2023-10-27,30,31,1,Subcontractor failure,Completed,6387000.0,5886100.0,-500900.0,0.0,0,1849000.0,2252600.0,1022700.0,593500.0,168300.0,131500.0,5.8,28,82.7,6145800.0,95.6,0.342
SCL-0044,Healthcare Facility,Palapye,PM_Moeti,Government,2024-07-03,2025-09-26,,15,15,0,None,Active,3529000.0,3390800.0,-138200.0,0.0,0,1020000.0,1291200.0,488800.0,353800.0,237000.0,70400.0,5.5,17,,3276000.0,96.6,0.2354
SCL-0045,Government Office,Francistown,PM_Segametsi,Government,2021-07-27,2022-02-22,2022-02-22,7,7,0,None,Completed,12194000.0,11817400.0,-376600.0,0.0,0,4406900.0,5000100.0,1650000.0,634600.0,125800.0,590400.0,11.8,40,68.6,12573600.0,93.6,0.6084
SCL-0046,Education Infrastructure,Gaborone,PM_Segametsi,Government,2019-09-25,2021-02-16,2022-01-12,17,28,11,Scope creep,Completed,1550000.0,2233200.0,683200.0,44.1,1,708200.0,878700.0,237700.0,185000.0,223600.0,103300.0,11.8,13,76.9,1601300.0,71.7,0.3996
SCL-0047,Education Infrastructure,Serowe,PM_Moeti,Government,2021-03-23,2022-05-17,2022-05-17,14,14,0,None,Completed,2021000.0,2005100.0,-15900.0,0.0,0,739300.0,864000.0,311800.0,281400.0,-191400.0,55600.0,6.4,13,91.5,1932500.0,96.4,0.213
SCL-0048,Residential Building,Francistown,PM_Segametsi,Government,2019-12-19,2020-11-13,2021-02-11,11,14,3,Equipment breakdown,Completed,9821000.0,14588300.0,4767300.0,48.5,1,5350400.0,4903500.0,1625900.0,1402200.0,1306300.0,1006100.0,20.5,25,60.9,10024200.0,68.7,0.5478
SCL-0049,Commercial Building,Serowe,PM_Kebonye,Government,2021-05-10,2023-06-29,2024-04-24,26,36,10,Cash flow constraints,Completed,17124000.0,25217700.0,8093700.0,47.3,1,7764300.0,9020500.0,3000300.0,2703100.0,2729500.0,1192000.0,13.2,46,60.5,16428300.0,65.1,0.5519
SCL-0050,Road Construction,Serowe,PM_Moeti,Private,2021-03-18,2024-01-02,2024-02-01,34,35,1,Weather conditions,Completed,19394000.0,19037000.0,-357000.0,0.0,0,7467700.0,6336500.0,2285400.0,2390200.0,557200.0,247200.0,3.9,51,88.7,19334900.0,98.4,0.4067
SCL-0051,Commercial Building,Maun,PM_Moeti,Government,2021-04-23,2022-02-17,2022-09-15,10,17,7,Equipment breakdown,Completed,13718000.0,19798600.0,6080600.0,44.3,1,7973000.0,7026100.0,2411500.0,1315700.0,1072300.0,950700.0,13.5,34,94.4,14137200.0,71.4,0.2946
SCL-0052,Road Construction,Maun,PM_Moeti,Government,2022-06-16,2025-05-01,,35,36,1,Cash flow constraints,Active,24263000.0,22701300.0,-1561700.0,0.0,0,7518900.0,9502800.0,3244600.0,2167500.0,267500.0,203300.0,2.1,50,,24829800.0,90.6,0.5172
SCL-0053,Commercial Building,Gaborone,PM_Kebonye,Government,2021-09-05,2023-09-25,2024-07-21,25,35,10,Equipment breakdown,Completed,11913000.0,17415900.0,5502900.0,46.2,1,7093700.0,6014200.0,1936300.0,2518800.0,-147100.0,718200.0,11.9,30,62.6,11682300.0,67.1,0.59
SCL-0054,Education Infrastructure,Maun,PM_Ditiro,Government,2022-09-13,2023-09-08,2023-09-08,12,12,0,None,Completed,4664000.0,4392900.0,-271100.0,0.0,0,1774500.0,1749400.0,655600.0,632200.0,-418800.0,180800.0,10.3,19,83.8,4508700.0,97.4,0.2754
SCL-0055,Residential Building,Palapye,PM_Moeti,Private,2018-09-06,2020-01-29,2020-07-27,17,23,6,Design changes,Completed,5357000.0,7896300.0,2539300.0,47.4,1,2713600.0,3153900.0,1166800.0,411700.0,450300.0,501800.0,15.9,25,94.8,4986200.0,63.1,0.1508
SCL-0056,Healthcare Facility,Francistown,PM_Kebonye,Private,2019-08-28,2021-02-18,2021-02-18,18,18,0,None,Completed,3017000.0,2873200.0,-143800.0,0.0,0,916000.0,1286100.0,411500.0,373100.0,-113500.0,152700.0,11.9,14,79.1,2877400.0,99.9,0.5045
SCL-0057,Residential Building,Serowe,PM_Ditiro,Government,2022-09-21,2023-07-18,2023-08-17,10,11,1,Cash flow constraints,Completed,4286000.0,4019200.0,-266800.0,0.0,0,1414200.0,1271500.0,705900.0,218400.0,409200.0,89500.0,7.0,24,79.2,3896500.0,96.9,0.2398
SCL-0058,Education Infrastructure,Maun,PM_Segametsi,Government,2022-12-22,2024-06-14,2024-12-11,18,24,6,Scope creep,Completed,3349000.0,3651700.0,302700.0,9.0,1,1333500.0,1131500.0,550100.0,382800.0,253800.0,109500.0,9.7,18,77.9,3242000.0,88.8,0.4732
SCL-0059,Healthcare Facility,Maun,PM_Moeti,Private,2024-03-08,2025-07-01,,16,17,1,Labour disputes,Active,2092000.0,2053800.0,-38200.0,0.0,0,672500.0,755800.0,221000.0,190300.0,214200.0,46600.0,6.2,17,,2098300.0,97.8,0.2241
SCL-0060,Education Infrastructure,Gaborone,PM_Moeti,Private,2022-03-07,2022-08-04,2022-09-03,5,6,1,Scope creep,Completed,1285000.0,1227800.0,-57200.0,0.0,0,444600.0,471800.0,134800.0,104800.0,71800.0,25000.0,5.3,12,92.8,1343200.0,90.6,0.0922
SCL-0061,Healthcare Facility,Palapye,PM_Ditiro,Government,2023-05-30,2024-01-25,2024-02-24,8,9,1,Material delivery delays,Completed,5158000.0,5006300.0,-151700.0,0.0,0,1936300.0,1933000.0,839100.0,738200.0,-440300.0,194700.0,10.1,24,82.2,5178700.0,96.6,0.3996
SCL-0062,Road Construction,Francistown,PM_Ditiro,Private,2021-12-08,2023-06-01,2024-02-26,18,27,9,Design changes,Completed,9798000.0,14549400.0,4751400.0,48.5,1,5227400.0,5239500.0,2191900.0,772100.0,1118500.0,388300.0,7.4,30,77.5,9049500.0,62.2,0.5726
SCL-0063,Commercial Building,Palapye,PM_Moeti,Private,2018-07-23,2020-10-10,2020-10-10,27,27,0,None,Completed,4489000.0,4314600.0,-174400.0,0.0,0,1475100.0,1471200.0,470700.0,401200.0,496400.0,140500.0,9.5,21,89.5,4489300.0,96.0,0.2541
SCL-0064,Road Construction,Francistown,PM_Segametsi,Private,2021-05-19,2022-07-13,2022-07-13,14,14,0,None,Completed,4205000.0,3946900.0,-258100.0,0.0,0,1527400.0,1355400.0,551700.0,367300.0,145100.0,43400.0,3.2,18,67.2,4136900.0,95.2,0.6856
SCL-0065,Government Office,Palapye,PM_Moeti,Government,2018-03-18,2019-10-09,2019-10-09,19,19,0,None,Completed,11776000.0,11371600.0,-404400.0,0.0,0,3827900.0,4503400.0,1505600.0,1667300.0,-132600.0,220400.0,4.9,33,94.1,11816500.0,96.1,0.2394
SCL-0066,Commercial Building,Gaborone,PM_Segametsi,Private,2022-06-29,2024-08-17,2024-12-15,26,30,4,Design changes,Completed,5893000.0,7353800.0,1460800.0,24.8,1,2378500.0,2580600.0,834300.0,743100.0,817300.0,275100.0,10.7,22,75.8,5946700.0,80.9,0.6345
SCL-0067,Government Office,Francistown,PM_Kebonye,Government,2024-10-03,2025-08-29,,11,16,5,Labour disputes,Active,5700000.0,8696200.0,2996200.0,52.6,1,3199400.0,3214100.0,1272800.0,1027100.0,-17200.0,468700.0,14.6,27,,5666300.0,65.2,0.5269
SCL-0068,Residential Building,Maun,PM_Moeti,Government,2024-08-19,2025-10-13,,14,16,2,Scope creep,Active,8130000.0,10598800.0,2468800.0,30.4,1,3428300.0,3898100.0,1765100.0,611300.0,896000.0,232600.0,6.0,28,,7993000.0,75.4,0.2598
SCL-0069,Government Office,Gaborone,PM_Segametsi,Private,2021-08-09,2022-08-04,2022-08-04,12,12,0,None,Completed,9646000.0,9298300.0,-347700.0,0.0,0,3659200.0,3957400.0,992600.0,1065700.0,-376600.0,467900.0,11.8,37,71.3,9439700.0,98.5,0.5516
SCL-0070,Healthcare Facility,Francistown,PM_Ditiro,Government,2021-10-17,2022-10-12,2022-10-12,12,12,0,None,Completed,3407000.0,3392700.0,-14300.0,0.0,0,1249600.0,1188100.0,490700.0,300800.0,163500.0,62900.0,5.3,21,87.0,3374300.0,99.5,0.3509
SCL-0071,Residential Building,Palapye,PM_Moeti,Government,2021-06-24,2022-11-16,2022-12-16,17,18,1,Subcontractor failure,Completed,2985000.0,2842900.0,-142100.0,0.0,0,1169300.0,984900.0,464300.0,373300.0,-148900.0,56800.0,5.8,16,89.0,2848500.0,99.8,0.2408
SCL-0072,Commercial Building,Palapye,PM_Kebonye,Private,2020-02-26,2022-01-16,2022-10-13,23,32,9,Material delivery delays,Completed,7468000.0,8355100.0,887100.0,11.9,1,2429700.0,3564800.0,1350800.0,1115500.0,-105700.0,239500.0,6.7,31,74.6,7413500.0,88.7,0.5217
SCL-0073,Healthcare Facility,Maun,PM_Kebonye,Government,2025-01-02,2026-06-26,,18,26,8,Design changes,Active,7684000.0,9646700.0,1962700.0,25.5,1,3614500.0,3237700.0,1184600.0,1204400.0,405500.0,406400.0,12.6,28,,7272300.0,75.4,0.5193
SCL-0074,Education Infrastructure,Francistown,PM_Ditiro,Government,2023-03-07,2024-01-31,2024-03-01,11,12,1,Material delivery delays,Completed,3766000.0,3531600.0,-234400.0,0.0,0,1237500.0,1281300.0,409600.0,390100.0,213100.0,46400.0,3.6,22,82.8,3702700.0,95.2,0.2608
SCL-0075,Road Construction,Serowe,PM_Moeti,Government,2023-01-15,2024-05-09,2025-02-03,16,25,9,Labour disputes,Completed,19789000.0,30142700.0,10353700.0,52.3,1,9377000.0,11082500.0,3078600.0,1667700.0,4936900.0,1212800.0,10.9,53,82.0,18923000.0,62.8,0.4723
SCL-0076,Road Construction,Palapye,PM_Moeti,Private,2019-08-22,2022-05-08,2022-06-07,33,34,1,Subcontractor failure,Completed,17299000.0,20645300.0,3346300.0,19.3,1,8179000.0,8349200.0,3229800.0,1958400.0,-1071100.0,614500.0,7.4,36,78.3,15957100.0,77.3,0.4207
SCL-0077,Government Office,Serowe,PM_Segametsi,Government,2019-05-15,2020-08-07,2020-08-07,15,15,0,None,Completed,6101000.0,5877900.0,-223100.0,0.0,0,1737000.0,2561400.0,595500.0,596800.0,387200.0,204100.0,8.0,24,58.3,6053500.0,97.0,0.6303
SCL-0078,Residential Building,Serowe,PM_Segametsi,Government,2022-01-17,2023-11-08,2024-10-03,22,33,11,Scope creep,Completed,8516000.0,11181800.0,2665800.0,31.3,1,3925100.0,5012200.0,1467500.0,1084800.0,-307800.0,722800.0,14.4,26,77.6,7685100.0,68.7,0.558
SCL-0079,Road Construction,Palapye,PM_Kebonye,Private,2024-07-11,2027-02-26,,32,38,6,Weather conditions,Active,16822000.0,22255600.0,5433600.0,32.3,1,8766300.0,7261200.0,3052800.0,2660400.0,514900.0,1324800.0,18.2,33,,17098400.0,76.8,0.6799
SCL-0080,Education Infrastructure,Gaborone,PM_Ditiro,Government,2018-06-21,2019-12-13,2019-12-13,18,18,0,None,Completed,4914000.0,4792100.0,-121900.0,0.0,0,1609000.0,2023800.0,493200.0,549600.0,116500.0,136300.0,6.7,18,87.2,4905900.0,97.6,0.2498
SCL-0081,Commercial Building,Gaborone,PM_Ditiro,Government,2022-05-03,2024-02-22,2024-04-22,22,24,2,Weather conditions,Completed,8400000.0,8153100.0,-246900.0,0.0,0,3192900.0,2772100.0,1092200.0,758700.0,337200.0,78300.0,2.8,26,80.9,7660900.0,94.0,0.4249
SCL-0082,Government Office,Palapye,PM_Ditiro,Government,2022-12-24,2023-11-19,2023-12-19,11,12,1,Subcontractor failure,Completed,11471000.0,12287500.0,816500.0,7.1,1,4937200.0,4336100.0,1498600.0,1818600.0,-303000.0,952600.0,22.0,32,83.4,11206700.0,91.2,0.4346
SCL-0083,Government Office,Francistown,PM_Moeti,Government,2018-05-23,2020-01-13,2020-01-13,20,20,0,None,Completed,10095000.0,9802500.0,-292500.0,0.0,0,4047700.0,2988400.0,1333100.0,853800.0,579500.0,105600.0,3.5,27,79.3,9641200.0,98.4,0.2762
SCL-0084,Commercial Building,Palapye,PM_Kebonye,Private,2023-08-07,2024-08-31,,13,21,8,Design changes,Active,2415000.0,3638900.0,1223900.0,50.7,1,1078900.0,1514700.0,426400.0,404600.0,214300.0,257000.0,17.0,13,,2482400.0,68.2,0.5382
SCL-0085,Education Infrastructure,Francistown,PM_Segametsi,Private,2021-08-02,2022-12-25,2022-12-25,17,17,0,None,Completed,5015000.0,4898500.0,-116500.0,0.0,0,1577300.0,1585300.0,764300.0,330200.0,641400.0,144200.0,9.1,26,60.2,5109300.0,95.7,0.4563
SCL-0086,Residential Building,Maun,PM_Moeti,Government,2024-03-09,2025-10-30,,20,20,0,None,Active,7509000.0,6977800.0,-531200.0,0.0,0,2018000.0,2510100.0,965000.0,635500.0,849200.0,230200.0,9.2,28,,6899300.0,98.9,0.1192
SCL-0087,Commercial Building,Gaborone,PM_Segametsi,Government,2024-03-08,2025-03-03,2025-03-03,12,12,0,None,Completed,10278000.0,9922300.0,-355700.0,0.0,0,4043300.0,3059200.0,1113700.0,659500.0,1046600.0,99200.0,3.2,30,71.3,10700800.0,92.2,0.6312
SCL-0088,Commercial Building,Gaborone,PM_Ditiro,Government,2019-05-28,2020-09-19,2020-10-19,16,17,1,Labour disputes,Completed,17302000.0,16451500.0,-850500.0,0.0,0,4821600.0,6517200.0,2409400.0,1104200.0,1599100.0,516000.0,7.9,42,86.9,17713500.0,92.3,0.4621
SCL-0089,Road Construction,Gaborone,PM_Moeti,Private,2020-05-13,2021-09-05,2021-10-05,16,17,1,Cash flow constraints,Completed,19962000.0,19166700.0,-795300.0,0.0,0,7049600.0,6582800.0,2657200.0,2500700.0,376400.0,761400.0,11.6,48,85.7,18439100.0,96.2,0.4553
SCL-0090,Education Infrastructure,Maun,PM_Segametsi,Government,2021-07-31,2022-04-27,2022-04-27,9,9,0,None,Completed,3955000.0,3682700.0,-272300.0,0.0,0,1534000.0,1177000.0,533700.0,301700.0,136300.0,67200.0,5.7,17,61.2,3616900.0,98.2,0.4382
SCL-0091,Commercial Building,Maun,PM_Segametsi,Government,2021-09-03,2022-09-28,2023-04-26,13,20,7,Equipment breakdown,Completed,15845000.0,17899600.0,2054600.0,13.0,1,7507700.0,6623300.0,2502200.0,1056200.0,210200.0,1321000.0,19.9,35,77.2,15099200.0,84.4,0.7523
SCL-0092,Road Construction,Palapye,PM_Segametsi,Government,2023-04-12,2025-08-29,,29,31,2,Scope creep,Active,21543000.0,22708200.0,1165200.0,5.4,1,6700000.0,7268700.0,2935300.0,2051100.0,3753100.0,690200.0,9.5,38,,21204200.0,93.4,0.7754
SCL-0093,Commercial Building,Serowe,PM_Ditiro,Government,2021-02-19,2023-03-11,2023-03-11,25,25,0,None,Completed,10068000.0,9964400.0,-103600.0,0.0,0,2924900.0,3547100.0,1441100.0,862500.0,1188800.0,421000.0,11.9,30,82.0,9122000.0,91.5,0.4822
SCL-0094,Road Construction,Francistown,PM_Ditiro,Private,2024-10-19,2025-10-14,,12,12,0,None,Active,14425000.0,14263700.0,-161300.0,0.0,0,5853700.0,4960600.0,2129900.0,1915000.0,-595500.0,294100.0,5.9,38,,14085400.0,98.7,0.5099
SCL-0095,Education Infrastructure,Serowe,PM_Ditiro,Government,2019-03-25,2019-12-20,2020-01-19,9,10,1,Design changes,Completed,887000.0,835500.0,-51500.0,0.0,0,314400.0,254000.0,148200.0,107200.0,11700.0,17100.0,6.7,9,84.4,821000.0,98.3,0.3401
SCL-0096,Government Office,Serowe,PM_Segametsi,Government,2024-06-03,2024-12-30,2025-01-29,7,8,1,Equipment breakdown,Completed,11009000.0,10912200.0,-96800.0,0.0,0,3084300.0,3787100.0,1694000.0,993400.0,1353400.0,133100.0,3.5,36,75.1,10010900.0,91.7,0.5967
SCL-0097,Residential Building,Serowe,PM_Kebonye,Government,2023-11-23,2025-08-14,,21,21,0,None,Active,11980000.0,11469100.0,-510900.0,0.0,0,4088500.0,4603500.0,1771500.0,1495200.0,-489600.0,491500.0,10.7,34,,12502300.0,91.0,0.3703
SCL-0098,Commercial Building,Serowe,PM_Ditiro,Government,2021-03-29,2022-08-21,2022-08-21,17,17,0,None,Completed,17567000.0,16597000.0,-970000.0,0.0,0,5783400.0,6173600.0,2900500.0,2027600.0,-288100.0,469500.0,7.6,42,81.5,18170700.0,90.5,0.5754
SCL-0099,Education Infrastructure,Palapye,PM_Kebonye,Government,2018-11-20,2020-02-13,2020-12-09,15,25,10,Design changes,Completed,2296000.0,2960800.0,664800.0,29.0,1,912800.0,1127400.0,461000.0,188700.0,270900.0,235200.0,20.9,16,65.3,2249300.0,76.0,0.3507
SCL-0100,Government Office,Francistown,PM_Moeti,Government,2019-02-16,2020-11-07,2020-11-07,21,21,0,None,Completed,6629000.0,6556100.0,-72900.0,0.0,0,2721000.0,2928500.0,998000.0,905200.0,-996600.0,104800.0,3.6,28,89.1,6251700.0,95.4,0.2776
SCL-0101,Commercial Building,Gaborone,PM_Moeti,Government,2019-12-19,2020-09-14,2020-09-14,9,9,0,None,Completed,5716000.0,5699400.0,-16600.0,0.0,0,2263100.0,2383500.0,911400.0,782100.0,-640700.0,92100.0,3.9,21,78.6,5661200.0,99.3,0.1957
SCL-0102,Commercial Building,Palapye,PM_Segametsi,Private,2019-07-04,2021-05-24,2021-05-24,23,23,0,None,Completed,10693000.0,10292600.0,-400400.0,0.0,0,3159800.0,3261700.0,1407100.0,779400.0,1684600.0,118200.0,3.6,36,71.9,10534400.0,97.7,0.7005
SCL-0103,Residential Building,Francistown,PM_Segametsi,Private,2022-06-30,2023-02-25,2023-05-26,8,11,3,Material delivery delays,Completed,6910000.0,8373500.0,1463500.0,21.2,1,2635400.0,2839600.0,1342300.0,1217500.0,338700.0,255700.0,9.0,24,61.0,6463900.0,77.2,0.519
SCL-0104,Government Office,Gaborone,PM_Segametsi,Government,2021-06-27,2023-04-18,2023-04-18,22,22,0,None,Completed,7568000.0,7181300.0,-386700.0,0.0,0,2956500.0,2550300.0,1268100.0,702500.0,-296100.0,107300.0,4.2,26,77.7,7608000.0,94.1,0.5599
SCL-0105,Education Infrastructure,Serowe,PM_Kebonye,Private,2018-12-02,2019-12-27,2019-12-27,13,13,0,None,Completed,4338000.0,4019700.0,-318300.0,0.0,0,1188700.0,1705600.0,467000.0,416700.0,241700.0,188100.0,11.0,20,78.8,4346900.0,91.9,0.3312
SCL-0106,Government Office,Serowe,PM_Segametsi,Government,2023-02-01,2023-08-30,2023-11-28,7,10,3,Material delivery delays,Completed,8880000.0,11168500.0,2288500.0,25.8,1,4008900.0,4286700.0,1392200.0,582700.0,898000.0,704600.0,16.4,30,72.2,8052300.0,72.1,0.5846
SCL-0107,Commercial Building,Gaborone,PM_Moeti,Private,2018-05-10,2020-03-30,2020-10-26,23,30,7,Scope creep,Completed,3104000.0,4254800.0,1150800.0,37.1,1,1625800.0,1891500.0,728900.0,403600.0,-395000.0,215000.0,11.4,20,79.4,3200800.0,75.2,0.2582
SCL-0108,Residential Building,Palapye,PM_Moeti,Government,2019-06-06,2021-03-27,2021-03-27,22,22,0,None,Completed,7141000.0,7013800.0,-127200.0,0.0,0,1967300.0,2128100.0,1079300.0,732600.0,1106500.0,106100.0,5.0,24,92.0,6797700.0,96.9,0.2164
SCL-0109,Commercial Building,Francistown,PM_Moeti,Government,2018-03-06,2020-05-24,2020-05-24,27,27,0,None,Completed,12563000.0,12114300.0,-448700.0,0.0,0,4531800.0,5219200.0,1254300.0,1137500.0,-28500.0,232100.0,4.4,39,90.8,11570800.0,95.5,0.3139
SCL-0110,Commercial Building,Francistown,PM_Ditiro,Government,2020-08-28,2022-02-19,2022-05-20,18,21,3,Scope creep,Completed,14361000.0,16107700.0,1746700.0,12.2,1,5999000.0,5366400.0,1689300.0,2333200.0,719800.0,542500.0,10.1,31,81.1,13666800.0,84.8,0.4904
SCL-0111,Government Office,Maun,PM_Ditiro,Government,2022-03-22,2023-06-15,2024-01-11,15,22,7,Weather conditions,Completed,7603000.0,8839800.0,1236800.0,16.3,1,3536400.0,2843300.0,924700.0,806800.0,728600.0,366000.0,12.9,24,77.8,7219300.0,81.7,0.4131
SCL-0112,Road Construction,Maun,PM_Ditiro,Government,2018-07-31,2019-09-24,2020-06-20,14,23,9,Design changes,Completed,18941000.0,26268100.0,7327100.0,38.7,1,9572300.0,11322700.0,4227500.0,3216000.0,-2070400.0,928300.0,8.2,49,79.6,17992900.0,68.5,0.6516
SCL-0113,Road Construction,Francistown,PM_Kebonye,Private,2023-05-16,2025-12-31,,32,32,0,None,Active,5581000.0,5403900.0,-177100.0,0.0,0,1694200.0,1881900.0,742000.0,620800.0,465000.0,90900.0,4.8,22,,5761900.0,93.4,0.6941
SCL-0114,Education Infrastructure,Gaborone,PM_Segametsi,Private,2022-02-27,2022-09-25,2023-01-23,7,11,4,Cash flow constraints,Completed,2465000.0,2644600.0,179600.0,7.3,1,1060400.0,1087400.0,381500.0,286700.0,-171400.0,57400.0,5.3,14,58.5,2358900.0,89.2,0.4428
SCL-0115,Residential Building,Maun,PM_Ditiro,Government,2023-03-03,2024-11-22,2024-12-22,21,22,1,Subcontractor failure,Completed,10127000.0,14280700.0,4153700.0,41.0,1,4974900.0,6248300.0,2161300.0,797900.0,98300.0,888300.0,14.2,33,88.9,10275400.0,72.0,0.3944
SCL-0116,Education Infrastructure,Francistown,PM_Kebonye,Government,2023-09-03,2024-03-31,2024-03-31,7,7,0,None,Completed,1585000.0,1577300.0,-7700.0,0.0,0,582500.0,694100.0,240900.0,81300.0,-21500.0,77200.0,11.1,10,69.0,1598200.0,98.7,0.4554
SCL-0117,Healthcare Facility,Palapye,PM_Moeti,Government,2020-01-05,2020-12-30,2021-07-28,12,19,7,Equipment breakdown,Completed,6643000.0,7612700.0,969700.0,14.6,1,2692600.0,3214700.0,1003000.0,664600.0,37800.0,306800.0,9.5,30,87.6,6203800.0,81.5,0.2708
SCL-0118,Government Office,Gaborone,PM_Moeti,Government,2023-05-04,2025-03-24,,23,37,14,Subcontractor failure,Active,7241000.0,7637300.0,396300.0,5.5,1,2321700.0,2863800.0,1243000.0,814000.0,394800.0,354400.0,12.4,31,,7515200.0,98.4,0.2502
SCL-0119,Residential Building,Francistown,PM_Segametsi,Government,2024-02-03,2025-03-29,2025-03-29,14,14,0,None,Completed,11204000.0,10922100.0,-281900.0,0.0,0,4528400.0,4238400.0,1715000.0,981100.0,-540800.0,403600.0,9.5,29,58.7,11486300.0,94.8,0.5441
SCL-0120,Education Infrastructure,Serowe,PM_Ditiro,Government,2018-11-18,2020-03-12,2020-05-11,16,18,2,Scope creep,Completed,4647000.0,4284800.0,-362200.0,0.0,0,1232000.0,1566400.0,545200.0,543700.0,397500.0,162700.0,10.4,20,89.4,4624300.0,92.1,0.2882
SCL-0121,Education Infrastructure,Maun,PM_Kebonye,Government,2020-01-31,2020-11-26,2021-05-25,10,16,6,Weather conditions,Completed,5694000.0,7739900.0,2045900.0,35.9,1,3031900.0,3149900.0,869500.0,937800.0,-249200.0,201400.0,6.4,22,76.3,5215600.0,67.4,0.367
SCL-0122,Road Construction,Palapye,PM_Segametsi,Government,2018-12-24,2019-12-19,2020-06-16,12,18,6,Scope creep,Completed,8935000.0,11387000.0,2452000.0,27.4,1,4072700.0,4113100.0,1461100.0,675300.0,1064800.0,224000.0,5.4,28,55.3,9085800.0,79.8,0.6782
SCL-0123,Government Office,Serowe,PM_Kebonye,Government,2019-11-26,2021-05-19,2021-09-16,18,22,4,Equipment breakdown,Completed,4620000.0,4997100.0,377100.0,8.2,1,1703300.0,1814800.0,530500.0,375600.0,572900.0,240100.0,13.2,18,73.1,4232100.0,84.7,0.5003
SCL-0124,Commercial Building,Gaborone,PM_Segametsi,Government,2022-12-09,2024-06-01,2024-09-29,18,22,4,Equipment breakdown,Completed,11923000.0,17380600.0,5457600.0,45.8,1,6958000.0,7754100.0,2183900.0,2515500.0,-2030900.0,567100.0,7.3,40,62.2,12463200.0,71.7,0.692
SCL-0125,Commercial Building,Maun,PM_Kebonye,Government,2022-02-04,2023-09-27,2023-09-27,20,20,0,None,Completed,6485000.0,6201900.0,-283100.0,0.0,0,2328400.0,2372300.0,849200.0,749400.0,-97400.0,273500.0,11.5,27,66.4,6633100.0,93.0,0.581
SCL-0126,Education Infrastructure,Maun,PM_Kebonye,Government,2019-09-24,2020-11-17,2021-01-16,14,16,2,Scope creep,Completed,2059000.0,1929000.0,-130000.0,0.0,0,560100.0,865400.0,254800.0,194200.0,54500.0,58800.0,6.8,16,72.0,1964100.0,98.2,0.4226
SCL-0127,Healthcare Facility,Serowe,PM_Moeti,Government,2021-12-25,2023-04-19,2023-04-19,16,16,0,None,Completed,3136000.0,2974200.0,-161800.0,0.0,0,1102100.0,1323600.0,486900.0,180200.0,-118600.0,70400.0,5.3,19,81.8,3084900.0,96.3,0.2702
SCL-0128,Government Office,Serowe,PM_Kebonye,Government,2023-08-12,2025-08-01,,24,36,12,Weather conditions,Active,7389000.0,11444500.0,4055500.0,54.9,1,3978000.0,3940500.0,1223100.0,1523600.0,779300.0,813700.0,20.6,25,,7030300.0,61.4,0.5465
SCL-0129,Residential Building,Serowe,PM_Segametsi,Government,2021-07-30,2023-03-22,2023-03-22,20,20,0,None,Completed,2525000.0,2520400.0,-4600.0,0.0,0,826800.0,797500.0,439500.0,312700.0,143900.0,79800.0,10.0,14,67.7,2434000.0,96.6,0.5264
SCL-0130,Education Infrastructure,Francistown,PM_Segametsi,Government,2022-11-06,2023-12-31,2024-05-29,14,19,5,Subcontractor failure,Completed,1769000.0,2509700.0,740700.0,41.9,1,1013000.0,922200.0,251900.0,179400.0,143200.0,113500.0,12.3,14,68.3,1734600.0,69.1,0.485
SCL-0131,Commercial Building,Palapye,PM_Kebonye,Government,2023-12-02,2025-10-22,,23,36,13,Cash flow constraints,Active,6198000.0,7724400.0,1526400.0,24.6,1,2286400.0,2725200.0,879100.0,906500.0,927200.0,348400.0,12.8,29,,6126900.0,79.3,0.5734
SCL-0132,Government Office,Francistown,PM_Ditiro,Government,2022-03-10,2023-02-03,2023-03-05,11,12,1,Weather conditions,Completed,6317000.0,6058800.0,-258200.0,0.0,0,2051200.0,1942900.0,695900.0,688000.0,680800.0,113400.0,5.8,25,81.1,5818200.0,96.0,0.3724
SCL-0133,Commercial Building,Maun,PM_Moeti,Private,2019-07-14,2021-06-03,2021-06-03,23,23,0,None,Completed,17229000.0,16328900.0,-900100.0,0.0,0,5507400.0,6103100.0,2212700.0,1089600.0,1416100.0,555500.0,9.1,36,91.5,15590600.0,95.5,0.3528
SCL-0134,Residential Building,Serowe,PM_Ditiro,Government,2024-03-01,2025-11-21,,21,22,1,Equipment breakdown,Active,6302000.0,6013300.0,-288700.0,0.0,0,1909200.0,2293900.0,862100.0,755700.0,192400.0,273200.0,11.9,25,,6607400.0,90.1,0.3778
SCL-0135,Road Construction,Francistown,PM_Ditiro,Private,2021-11-28,2023-03-23,2023-04-22,16,17,1,Scope creep,Completed,3709000.0,3674200.0,-34800.0,0.0,0,1446400.0,1217900.0,570000.0,500100.0,-60200.0,114200.0,9.4,16,73.3,3453100.0,94.0,0.5324
SCL-0136,Residential Building,Gaborone,PM_Ditiro,Government,2021-08-18,2022-07-14,2022-07-14,11,11,0,None,Completed,7767000.0,7585200.0,-181800.0,0.0,0,2732100.0,3359200.0,1304700.0,997600.0,-808400.0,240000.0,7.1,26,85.0,7059400.0,93.1,0.3226
SCL-0137,Commercial Building,Francistown,PM_Kebonye,Government,2022-05-28,2023-08-21,2024-01-18,15,20,5,Labour disputes,Completed,13382000.0,16822700.0,3440700.0,25.7,1,5774900.0,6645700.0,1807600.0,1708500.0,886000.0,1326600.0,20.0,36,70.0,13212000.0,78.5,0.5014
SCL-0138,Government Office,Gaborone,PM_Segametsi,Government,2023-12-30,2024-08-26,2024-10-25,8,10,2,Equipment breakdown,Completed,11216000.0,17206100.0,5990100.0,53.4,1,6804600.0,6438600.0,2111000.0,1802000.0,49900.0,675300.0,10.5,38,73.1,11376800.0,66.1,0.6104
SCL-0139,Road Construction,Gaborone,PM_Segametsi,Government,2022-12-13,2024-01-07,2024-03-07,13,15,2,Labour disputes,Completed,23448000.0,36293900.0,12845900.0,54.8,1,14783100.0,15690700.0,6168300.0,4996200.0,-5344400.0,1589700.0,10.1,45,60.8,24282000.0,66.9,0.6679
SCL-0140,Residential Building,Gaborone,PM_Segametsi,Government,2022-10-25,2023-11-19,2023-11-19,13,13,0,None,Completed,9123000.0,8609400.0,-513600.0,0.0,0,2411900.0,3198600.0,1016700.0,1015900.0,966300.0,106400.0,3.3,34,71.0,9562900.0,88.9,0.5875
SCL-0141,Education Infrastructure,Francistown,PM_Segametsi,Government,2019-02-24,2020-05-19,2021-03-15,15,25,10,Material delivery delays,Completed,2792000.0,3465900.0,673900.0,24.1,1,1365100.0,1494400.0,534300.0,197000.0,-124900.0,237700.0,15.9,14,69.0,2659900.0,76.7,0.5221
SCL-0142,Residential Building,Francistown,PM_Segametsi,Government,2018-12-22,2019-12-17,2019-12-17,12,12,0,None,Completed,6145000.0,6076200.0,-68800.0,0.0,0,1806100.0,2488200.0,816300.0,784500.0,181100.0,137200.0,5.5,22,69.8,6084500.0,99.9,0.5596
SCL-0143,Government Office,Serowe,PM_Ditiro,Private,2020-04-21,2021-07-15,2021-07-15,15,15,0,None,Completed,11131000.0,10867800.0,-263200.0,0.0,0,3126000.0,4724100.0,1517000.0,665900.0,834800.0,545500.0,11.5,33,81.9,11650300.0,92.8,0.3463
SCL-0144,Commercial Building,Palapye,PM_Kebonye,Government,2022-02-05,2023-10-28,2024-02-25,21,25,4,Material delivery delays,Completed,15424000.0,17527600.0,2103600.0,13.6,1,6063500.0,7854200.0,2576400.0,900600.0,132900.0,490200.0,6.2,46,80.3,14802400.0,84.5,0.5705
SCL-0145,Commercial Building,Serowe,PM_Segametsi,Government,2024-01-07,2026-04-26,,28,31,3,Cash flow constraints,Active,8436000.0,9191100.0,755100.0,9.0,1,3758500.0,4100600.0,1159400.0,998600.0,-826000.0,313300.0,7.6,31,,8516100.0,92.7,0.6142
SCL-0146,Residential Building,Gaborone,PM_Kebonye,Government,2024-11-12,2026-07-05,,20,20,0,None,Active,6062000.0,5912000.0,-150000.0,0.0,0,2269200.0,2430400.0,926000.0,710300.0,-423900.0,77600.0,3.2,29,,5931400.0,99.7,0.4236
SCL-0147,Government Office,Palapye,PM_Kebonye,Government,2019-04-29,2020-06-22,2020-06-22,14,14,0,None,Completed,11872000.0,11613700.0,-258300.0,0.0,0,3355700.0,4725000.0,1233000.0,1109300.0,1190700.0,367000.0,7.8,35,71.0,11339600.0,97.6,0.511
SCL-0148,Commercial Building,Gaborone,PM_Moeti,Government,2018-02-20,2018-11-17,2019-05-16,9,15,6,Scope creep,Completed,10141000.0,13040100.0,2899100.0,28.6,1,4350400.0,4205600.0,2198500.0,1372900.0,912700.0,876000.0,20.8,28,81.8,10520100.0,80.7,0.2886
SCL-0149,Commercial Building,Palapye,PM_Moeti,Government,2018-08-04,2020-12-21,2020-12-21,29,29,0,None,Completed,3910000.0,3611600.0,-298400.0,0.0,0,1046100.0,1335400.0,605300.0,298800.0,326000.0,64400.0,4.8,17,78.1,3849700.0,93.4,0.3083
SCL-0150,Commercial Building,Serowe,PM_Kebonye,Government,2020-03-11,2022-01-30,2022-03-01,23,24,1,Material delivery delays,Completed,11467000.0,10965600.0,-501400.0,0.0,0,4292300.0,3537300.0,1117500.0,1142100.0,876400.0,400600.0,11.3,27,80.9,11450900.0,95.6,0.6389
SCL-0151,Government Office,Palapye,PM_Moeti,Government,2023-07-09,2025-01-29,,19,27,8,Subcontractor failure,Active,14789000.0,17597600.0,2808600.0,19.0,1,5035500.0,5890300.0,2341300.0,2455900.0,1874600.0,1141200.0,19.4,39,,14431300.0,82.0,0.4041
SCL-0152,Government Office,Maun,PM_Moeti,Government,2020-08-27,2021-06-23,2021-06-23,10,10,0,None,Completed,3279000.0,3055800.0,-223200.0,0.0,0,1251800.0,1096900.0,385300.0,291100.0,30700.0,113200.0,10.3,15,94.0,3329900.0,91.0,0.184
SCL-0153,Road Construction,Francistown,PM_Moeti,Government,2019-05-10,2021-01-29,2022-01-24,21,33,12,Material delivery delays,Completed,13253000.0,15958700.0,2705700.0,20.4,1,5060500.0,5074700.0,2471800.0,2116700.0,1235000.0,389700.0,7.7,41,81.7,12222600.0,76.6,0.2903
SCL-0154,Government Office,Francistown,PM_Ditiro,Government,2020-12-01,2022-02-24,2022-02-24,15,15,0,None,Completed,3112000.0,3068700.0,-43300.0,0.0,0,1268300.0,1314000.0,441900.0,182500.0,-138000.0,99300.0,7.6,14,85.9,2829600.0,92.2,0.3366
SCL-0155,Residential Building,Francistown,PM_Kebonye,Private,2024-07-13,2025-03-10,,8,11,3,Subcontractor failure,Active,5409000.0,8376300.0,2967300.0,54.9,1,2577300.0,3324500.0,899300.0,1128500.0,446700.0,623600.0,18.8,19,,5242100.0,62.6,0.3313
SCL-0156,Residential Building,Serowe,PM_Segametsi,Private,2022-04-17,2022-10-14,2022-11-13,6,7,1,Design changes,Completed,5647000.0,5568900.0,-78100.0,0.0,0,1726700.0,1827000.0,950500.0,297700.0,767000.0,87700.0,4.8,23,69.9,5830100.0,95.3,0.4707
SCL-0157,Education Infrastructure,Gaborone,PM_Moeti,Government,2023-11-24,2024-06-21,2024-06-21,7,7,0,None,Completed,1514000.0,1511600.0,-2400.0,0.0,0,504200.0,615200.0,245700.0,127600.0,18900.0,41800.0,6.8,11,83.5,1368500.0,90.5,0.1284
SCL-0158,Healthcare Facility,Francistown,PM_Moeti,Private,2023-04-17,2023-10-14,2023-11-13,6,7,1,Material delivery delays,Completed,7273000.0,6826800.0,-446200.0,0.0,0,2866900.0,3045400.0,1041400.0,523300.0,-650200.0,91400.0,3.0,31,91.0,7173800.0,94.9,0.4165
SCL-0159,Education Infrastructure,Palapye,PM_Kebonye,Government,2022-01-09,2023-05-04,2023-05-04,16,16,0,None,Completed,3881000.0,3586800.0,-294200.0,0.0,0,1287300.0,1379000.0,642200.0,495600.0,-217300.0,53500.0,3.9,19,66.8,3545400.0,98.8,0.3997
SCL-0160,Residential Building,Serowe,PM_Kebonye,Government,2024-11-20,2026-03-15,,16,26,10,Weather conditions,Active,6519000.0,7270300.0,751300.0,11.5,1,2765400.0,3183100.0,915200.0,379400.0,27200.0,616000.0,19.4,28,,6694800.0,92.1,0.4264
SCL-0161,Commercial Building,Gaborone,PM_Ditiro,Private,2019-02-18,2021-04-08,2021-04-08,26,26,0,None,Completed,12594000.0,11856100.0,-737900.0,0.0,0,4044800.0,4693700.0,1486500.0,1431200.0,199900.0,322600.0,6.9,37,87.8,12008700.0,98.7,0.4401
SCL-0162,Government Office,Serowe,PM_Kebonye,Government,2019-06-06,2020-08-29,2020-11-27,15,18,3,Labour disputes,Completed,11675000.0,12269200.0,594200.0,5.1,1,4641200.0,4735000.0,1983500.0,1309700.0,-400200.0,921600.0,19.5,40,80.3,10894300.0,88.8,0.5461
SCL-0163,Healthcare Facility,Gaborone,PM_Segametsi,Government,2021-11-21,2022-08-18,2022-08-18,9,9,0,None,Completed,7014000.0,6964200.0,-49800.0,0.0,0,2641200.0,2756900.0,945300.0,532900.0,87900.0,299600.0,10.9,23,56.6,6426300.0,92.3,0.6352
SCL-0164,Road Construction,Gaborone,PM_Segametsi,Government,2022-08-23,2023-09-17,2024-01-15,13,17,4,Weather conditions,Completed,12232000.0,15159800.0,2927800.0,23.9,1,5403600.0,4778600.0,2563900.0,1744800.0,668900.0,628400.0,13.2,39,65.4,11070100.0,73.0,0.7578
SCL-0165,Road Construction,Palapye,PM_Ditiro,Private,2022-03-18,2023-04-12,2023-05-12,13,14,1,Scope creep,Completed,4632000.0,4269600.0,-362400.0,0.0,0,1397500.0,1911900.0,667600.0,397600.0,-105000.0,209000.0,10.9,18,73.1,4311600.0,99.0,0.5336
SCL-0166,Residential Building,Maun,PM_Ditiro,Government,2018-07-23,2019-04-19,2019-05-19,9,10,1,Equipment breakdown,Completed,4623000.0,4419700.0,-203300.0,0.0,0,1541300.0,1362000.0,473000.0,585100.0,458300.0,27800.0,2.0,17,74.0,4279200.0,96.8,0.3398
SCL-0167,Commercial Building,Gaborone,PM_Segametsi,Private,2023-04-13,2024-12-03,,20,28,8,Cash flow constraints,Active,6934000.0,9167200.0,2233200.0,32.2,1,2804100.0,3967800.0,1243600.0,699700.0,452000.0,447600.0,11.3,23,,6519900.0,71.1,0.5613
SCL-0168,Road Construction,Francistown,PM_Moeti,Government,2022-08-23,2024-09-11,2024-10-11,25,26,1,Equipment breakdown,Completed,10563000.0,10064700.0,-498300.0,0.0,0,3598200.0,4288800.0,1343500.0,1042200.0,-208000.0,436800.0,10.2,29,87.7,9980200.0,99.2,0.4078
SCL-0169,Education Infrastructure,Gaborone,PM_Kebonye,Government,2019-11-16,2020-05-14,2020-08-12,6,9,3,Labour disputes,Completed,4737000.0,5976600.0,1239600.0,26.2,1,2500400.0,2183300.0,897600.0,797300.0,-402000.0,479300.0,22.0,25,80.0,4310900.0,72.1,0.4832
SCL-0170,Education Infrastructure,Serowe,PM_Segametsi,Government,2023-02-20,2024-02-15,2024-02-15,12,12,0,None,Completed,5254000.0,5248800.0,-5200.0,0.0,0,1984300.0,2037300.0,572100.0,341000.0,314100.0,200000.0,9.8,27,68.4,4807600.0,91.6,0.4805
SCL-0171,Road Construction,Serowe,PM_Moeti,Private,2021-11-09,2024-10-24,2024-10-24,36,36,0,None,Completed,22084000.0,21073400.0,-1010600.0,0.0,0,7296200.0,6866300.0,3149600.0,2488400.0,1272900.0,414000.0,6.0,54,84.7,22163000.0,94.8,0.4886
SCL-0172,Road Construction,Maun,PM_Ditiro,Private,2021-05-26,2024-03-11,,34,49,15,Labour disputes,Active,3445000.0,5069100.0,1624100.0,47.1,1,2028400.0,2041500.0,599400.0,405800.0,-6000.0,439600.0,21.5,16,,3315900.0,65.4,0.49
SCL-0173,Government Office,Gaborone,PM_Kebonye,Government,2023-06-08,2024-12-29,2025-01-28,19,20,1,Material delivery delays,Completed,13918000.0,13344300.0,-573700.0,0.0,0,4033400.0,4626000.0,1479200.0,1803200.0,1402500.0,327000.0,7.1,42,63.8,12945300.0,97.0,0.5256
SCL-0174,Road Construction,Francistown,PM_Moeti,Government,2020-03-26,2022-09-12,2023-12-06,30,45,15,Weather conditions,Completed,23197000.0,33908300.0,10711300.0,46.2,1,11892200.0,13404300.0,3473700.0,2958400.0,2179700.0,952500.0,7.1,47,94.3,22795700.0,67.2,0.3657
SCL-0175,Commercial Building,Francistown,PM_Ditiro,Private,2018-04-23,2019-09-15,2019-09-15,17,17,0,None,Completed,13022000.0,12016800.0,-1005200.0,0.0,0,4806700.0,4772000.0,1460400.0,1092900.0,-115200.0,418800.0,8.8,39,85.6,11737200.0,97.7,0.4426
SCL-0176,Residential Building,Francistown,PM_Moeti,Government,2021-02-01,2022-04-27,2022-04-27,15,15,0,None,Completed,7888000.0,7650400.0,-237600.0,0.0,0,2515600.0,2584300.0,1179500.0,1013200.0,357800.0,172300.0,6.7,28,79.7,7882900.0,97.0,0.2089
SCL-0177,Commercial Building,Serowe,PM_Ditiro,Government,2021-10-09,2022-08-05,2022-10-04,10,12,2,Scope creep,Completed,3730000.0,3652100.0,-77900.0,0.0,0,1386200.0,1584500.0,409000.0,462200.0,-189800.0,79000.0,5.0,20,83.2,3760600.0,97.0,0.49
SCL-0178,Government Office,Maun,PM_Ditiro,Government,2018-05-25,2019-11-16,2019-11-16,18,18,0,None,Completed,7732000.0,7116700.0,-615300.0,0.0,0,2805700.0,2501300.0,1102400.0,810100.0,-102800.0,228500.0,9.1,26,88.8,7307000.0,97.3,0.3834
SCL-0179,Residential Building,Serowe,PM_Kebonye,Government,2024-04-08,2025-06-02,,14,14,0,None,Active,6443000.0,6270000.0,-173000.0,0.0,0,1834000.0,2215100.0,781000.0,807600.0,632300.0,209200.0,9.4,22,,6082900.0,97.0,0.4348
SCL-0180,Road Construction,Maun,PM_Moeti,Private,2018-10-19,2021-01-06,2021-01-06,27,27,0,None,Completed,15839000.0,15592500.0,-246500.0,0.0,0,4627500.0,6269800.0,2074600.0,2137500.0,483100.0,457600.0,7.3,37,94.9,16600500.0,93.5,0.3975
SCL-0181,Education Infrastructure,Francistown,PM_Ditiro,Private,2023-06-21,2023-11-18,2023-12-18,5,6,1,Subcontractor failure,Completed,1738000.0,1729900.0,-8100.0,0.0,0,593900.0,573300.0,252700.0,113900.0,196100.0,55800.0,9.7,12,72.6,1676100.0,96.9,0.2058
SCL-0182,Education Infrastructure,Maun,PM_Segametsi,Government,2022-03-09,2023-06-02,2023-06-02,15,15,0,None,Completed,3576000.0,3320800.0,-255200.0,0.0,0,1281700.0,1260800.0,333200.0,409700.0,35400.0,27500.0,2.2,17,75.2,3273500.0,98.6,0.6154
SCL-0183,Healthcare Facility,Serowe,PM_Ditiro,Government,2021-04-06,2022-01-31,2022-01-31,10,10,0,None,Completed,7626000.0,7361400.0,-264600.0,0.0,0,2769000.0,2356200.0,1024800.0,920300.0,291100.0,281800.0,12.0,31,88.1,6885300.0,93.5,0.3498
SCL-0184,Residential Building,Francistown,PM_Kebonye,Private,2019-05-20,2020-04-14,2020-05-14,11,12,1,Subcontractor failure,Completed,7692000.0,10578600.0,2886600.0,37.5,1,3017300.0,4564500.0,1510400.0,580300.0,906100.0,426700.0,9.3,22,74.4,7718600.0,73.0,0.455
SCL-0185,Education Infrastructure,Maun,PM_Segametsi,Government,2019-09-20,2020-12-13,2021-02-11,15,17,2,Subcontractor failure,Completed,2114000.0,2664600.0,550600.0,26.0,1,783800.0,1007300.0,415800.0,244800.0,212900.0,157000.0,15.6,16,61.5,2060400.0,77.3,0.5016
SCL-0186,Healthcare Facility,Francistown,PM_Ditiro,Private,2022-08-06,2023-07-02,2023-12-29,11,17,6,Subcontractor failure,Completed,8790000.0,9402700.0,612700.0,7.0,1,3286100.0,3113700.0,1189000.0,472700.0,1341200.0,649600.0,20.9,33,88.1,8793100.0,93.5,0.4871
SCL-0187,Residential Building,Gaborone,PM_Moeti,Private,2020-08-04,2021-09-28,2021-09-28,14,14,0,None,Completed,2564000.0,2553700.0,-10300.0,0.0,0,1005800.0,1101000.0,329000.0,300500.0,-182600.0,115900.0,10.5,18,80.0,2650000.0,96.2,0.05
SCL-0188,Road Construction,Francistown,PM_Kebonye,Government,2021-01-03,2023-03-24,2023-03-24,27,27,0,None,Completed,22680000.0,22511300.0,-168700.0,0.0,0,8871600.0,7370900.0,3984200.0,1737500.0,547100.0,442800.0,6.0,53,78.7,22619400.0,99.5,0.7503
SCL-0189,Residential Building,Gaborone,PM_Kebonye,Government,2019-03-01,2020-01-25,2020-02-24,11,12,1,Weather conditions,Completed,2116000.0,2001200.0,-114800.0,0.0,0,611100.0,714400.0,204700.0,237000.0,234000.0,39900.0,5.6,14,70.6,2186100.0,90.8,0.3528
SCL-0190,Education Infrastructure,Gaborone,PM_Moeti,Government,2023-11-20,2025-02-12,2025-03-14,15,16,1,Subcontractor failure,Completed,2434000.0,2321700.0,-112300.0,0.0,0,833700.0,1037100.0,295000.0,237500.0,-81600.0,90200.0,8.7,17,85.4,2366600.0,98.1,0.1658
SCL-0191,Government Office,Maun,PM_Kebonye,Private,2018-02-17,2018-09-15,2018-09-15,7,7,0,None,Completed,9479000.0,8833000.0,-646000.0,0.0,0,3548400.0,2749100.0,1053500.0,1298600.0,183400.0,190100.0,6.9,32,64.9,9104500.0,96.9,0.4793
SCL-0192,Residential Building,Gaborone,PM_Segametsi,Government,2023-08-04,2024-03-31,2024-04-30,8,9,1,Subcontractor failure,Completed,7517000.0,8339000.0,822000.0,10.9,1,2915600.0,3319000.0,1109000.0,881500.0,113900.0,223900.0,6.7,32,73.2,7484200.0,89.7,0.5147
SCL-0193,Healthcare Facility,Serowe,PM_Kebonye,Government,2022-01-28,2022-12-24,2022-12-24,11,11,0,None,Completed,4758000.0,4631600.0,-126400.0,0.0,0,1794500.0,1806300.0,597800.0,441200.0,-8200.0,165600.0,9.2,17,74.5,4535700.0,97.9,0.5358
SCL-0194,Government Office,Palapye,PM_Ditiro,Private,2023-07-10,2024-06-04,2024-10-02,11,15,4,Design changes,Completed,3072000.0,4326700.0,1254700.0,40.8,1,1648600.0,1367400.0,497600.0,618800.0,194300.0,210400.0,15.4,19,79.1,3095100.0,71.5,0.2834
SCL-0195,Road Construction,Maun,PM_Moeti,Private,2019-05-20,2021-07-08,2021-08-07,26,27,1,Equipment breakdown,Completed,21424000.0,19785200.0,-1638800.0,0.0,0,5912800.0,7416000.0,2055400.0,2839800.0,1561200.0,541600.0,7.3,51,93.7,22206600.0,87.8,0.4647
SCL-0196,Government Office,Serowe,PM_Kebonye,Private,2024-09-25,2026-03-19,,18,18,0,None,Active,4105000.0,3999300.0,-105700.0,0.0,0,1613300.0,1450900.0,621500.0,299200.0,14400.0,117400.0,8.1,18,,3875600.0,96.9,0.4163
SCL-0197,Residential Building,Francistown,PM_Segametsi,Government,2021-05-09,2023-02-28,2024-01-24,22,33,11,Weather conditions,Completed,10808000.0,15330200.0,4522200.0,41.8,1,5480600.0,5098800.0,2409200.0,1819100.0,522500.0,436700.0,8.6,34,77.6,11280800.0,73.6,0.5888
SCL-0198,Healthcare Facility,Serowe,PM_Ditiro,Private,2023-05-22,2024-07-15,2024-07-15,14,14,0,None,Completed,7134000.0,6596000.0,-538000.0,0.0,0,2502600.0,2645900.0,941300.0,908600.0,-402400.0,289400.0,10.9,22,70.3,6828200.0,96.5,0.3531
SCL-0199,Road Construction,Gaborone,PM_Kebonye,Government,2020-10-23,2022-03-17,2022-03-17,17,17,0,None,Completed,20282000.0,19951000.0,-331000.0,0.0,0,7097800.0,7058700.0,2978500.0,2345300.0,470700.0,460600.0,6.5,47,64.9,19436900.0,97.4,0.7123
SCL-0200,Healthcare Facility,Palapye,PM_Moeti,Private,2021-07-04,2022-12-26,2022-12-26,18,18,0,None,Completed,4223000.0,4204800.0,-18200.0,0.0,0,1615100.0,1389500.0,709900.0,396500.0,93800.0,148500.0,10.7,22,88.8,4033600.0,95.9,0.2554
SCL-0201,Healthcare Facility,Serowe,PM_Kebonye,Private,2023-01-13,2023-11-09,2024-04-07,10,15,5,Cash flow constraints,Completed,8721000.0,9914900.0,1193900.0,13.7,1,3489400.0,3535500.0,1433000.0,624700.0,832300.0,434300.0,12.3,29,60.1,9075300.0,91.5,0.547
SCL-0202,Road Construction,Francistown,PM_Ditiro,Government,2024-11-26,2027-03-16,,28,30,2,Subcontractor failure,Active,20021000.0,19538600.0,-482400.0,0.0,0,7631500.0,7474000.0,3060000.0,2003500.0,-630400.0,204000.0,2.7,49,,18497500.0,94.7,0.6681
SCL-0203,Healthcare Facility,Serowe,PM_Segametsi,Government,2021-09-21,2022-06-18,2022-06-18,9,9,0,None,Completed,2925000.0,2780300.0,-144700.0,0.0,0,963300.0,1068200.0,422400.0,170900.0,155500.0,101700.0,9.5,18,60.5,3035500.0,90.8,0.5643
SCL-0204,Residential Building,Gaborone,PM_Ditiro,Government,2022-04-30,2023-01-25,2023-05-25,9,13,4,Material delivery delays,Completed,9860000.0,13922200.0,4062200.0,41.2,1,3946400.0,5256100.0,1965000.0,1404400.0,1350300.0,951300.0,18.1,33,75.9,9347700.0,67.1,0.3857
SCL-0205,Road Construction,Gaborone,PM_Kebonye,Private,2018-01-31,2020-02-20,2021-04-15,25,39,14,Subcontractor failure,Completed,20013000.0,23146800.0,3133800.0,15.7,1,8702200.0,9845500.0,3849300.0,3191100.0,-2441300.0,836400.0,8.5,38,76.4,19390300.0,83.8,0.676
SCL-0206,Commercial Building,Gaborone,PM_Moeti,Government,2024-04-04,2025-07-28,,16,23,7,Subcontractor failure,Active,4848000.0,7082000.0,2234000.0,46.1,1,2886200.0,2557600.0,937300.0,578200.0,122700.0,324000.0,12.7,22,,4829600.0,68.2,0.2496
SCL-0207,Healthcare Facility,Gaborone,PM_Moeti,Private,2023-08-22,2025-04-13,,20,20,0,None,Active,1766000.0,1753800.0,-12200.0,0.0,0,679000.0,641300.0,268100.0,170800.0,-5400.0,38200.0,6.0,11,,1693000.0,96.5,0.2979
SCL-0208,Healthcare Facility,Palapye,PM_Kebonye,Government,2022-03-09,2023-08-31,2023-08-31,18,18,0,None,Completed,8118000.0,8110800.0,-7200.0,0.0,0,3264300.0,2605200.0,1182700.0,725200.0,333400.0,63000.0,2.4,25,61.9,8209000.0,98.8,0.565
SCL-0209,Government Office,Palapye,PM_Kebonye,Government,2019-08-07,2021-05-28,2021-07-27,22,24,2,Equipment breakdown,Completed,10574000.0,10409600.0,-164400.0,0.0,0,3179000.0,4371500.0,1750000.0,1491000.0,-381900.0,460000.0,10.5,26,74.2,10582000.0,98.3,0.5216
SCL-0210,Commercial Building,Gaborone,PM_Kebonye,Private,2022-01-02,2023-06-26,2024-04-21,18,28,10,Cash flow constraints,Completed,9795000.0,13494900.0,3699900.0,37.8,1,3967600.0,5302500.0,1692600.0,1282900.0,1249300.0,1076500.0,20.3,26,75.3,9648400.0,71.5,0.5789
SCL-0211,Commercial Building,Maun,PM_Kebonye,Government,2022-11-22,2024-02-15,2024-03-16,15,16,1,Subcontractor failure,Completed,5939000.0,5781500.0,-157500.0,0.0,0,2007300.0,2120700.0,803400.0,352000.0,498100.0,206700.0,9.7,27,78.5,5469800.0,94.6,0.5218
SCL-0212,Healthcare Facility,Francistown,PM_Ditiro,Private,2018-11-05,2020-03-29,2020-03-29,17,17,0,None,Completed,6088000.0,5674200.0,-413800.0,0.0,0,2090500.0,2393900.0,916600.0,404400.0,-131200.0,186500.0,7.8,28,75.2,5972000.0,94.8,0.447
SCL-0213,Government Office,Francistown,PM_Ditiro,Government,2021-04-06,2023-03-27,2024-04-20,24,37,13,Weather conditions,Completed,13643000.0,16807300.0,3164300.0,23.2,1,4731000.0,5644400.0,3000900.0,1990300.0,1440700.0,1207200.0,21.4,32,78.9,14220200.0,84.6,0.4575
SCL-0214,Government Office,Francistown,PM_Segametsi,Private,2020-08-07,2022-04-29,2022-12-25,21,29,8,Material delivery delays,Completed,3005000.0,3710300.0,705300.0,23.5,1,1061100.0,1228200.0,478300.0,359800.0,582900.0,250900.0,20.4,18,55.9,2751000.0,74.1,0.609
SCL-0215,Healthcare Facility,Palapye,PM_Ditiro,Government,2022-03-31,2023-03-26,2023-03-26,12,12,0,None,Completed,5647000.0,5413600.0,-233400.0,0.0,0,1801000.0,2360800.0,694200.0,740400.0,-182800.0,169100.0,7.2,24,79.6,5507400.0,98.3,0.35
SCL-0216,Residential Building,Maun,PM_Kebonye,Government,2020-05-16,2021-07-10,2021-09-08,14,16,2,Equipment breakdown,Completed,6903000.0,7791300.0,888300.0,12.9,1,2838200.0,3292200.0,1037600.0,646900.0,-23600.0,534600.0,16.2,26,74.9,6824400.0,87.6,0.489
SCL-0217,Government Office,Maun,PM_Moeti,Government,2019-10-22,2021-10-11,2021-11-10,24,25,1,Cash flow constraints,Completed,4099000.0,4050800.0,-48200.0,0.0,0,1228600.0,1775700.0,536500.0,595200.0,-85200.0,127300.0,7.2,17,94.1,4062000.0,99.7,0.2602
SCL-0218,Education Infrastructure,Maun,PM_Kebonye,Government,2024-07-14,2025-01-10,2025-01-10,6,6,0,None,Completed,2936000.0,2893300.0,-42700.0,0.0,0,1077300.0,982800.0,368600.0,275900.0,188700.0,90800.0,9.2,16,65.1,2690200.0,93.0,0.4296
SCL-0219,Residential Building,Serowe,PM_Segametsi,Private,2023-05-04,2024-03-29,2024-03-29,11,11,0,None,Completed,7858000.0,7523900.0,-334100.0,0.0,0,2899200.0,2362300.0,1295300.0,781900.0,185200.0,203000.0,8.6,30,76.6,7580800.0,99.2,0.5944
SCL-0220,Education Infrastructure,Palapye,PM_Moeti,Government,2023-05-29,2024-09-20,2024-09-20,16,16,0,None,Completed,3031000.0,2938600.0,-92400.0,0.0,0,1065100.0,1208400.0,457600.0,175600.0,31900.0,116200.0,9.6,15,86.1,3118500.0,93.9,0.0959
SCL-0221,Commercial Building,Serowe,PM_Segametsi,Government,2024-06-25,2025-02-20,,8,11,3,Scope creep,Active,2088000.0,2406900.0,318900.0,15.3,1,944900.0,869700.0,322700.0,261200.0,8400.0,59200.0,6.8,14,,2070800.0,86.0,0.5505
SCL-0222,Government Office,Maun,PM_Kebonye,Government,2020-01-03,2021-09-24,2022-08-20,21,32,11,Subcontractor failure,Completed,12297000.0,16323700.0,4026700.0,32.7,1,5150600.0,5648000.0,2553700.0,2017300.0,954100.0,613000.0,10.9,34,76.5,12357200.0,75.7,0.5029
SCL-0223,Residential Building,Gaborone,PM_Kebonye,Government,2024-11-20,2026-10-11,,23,25,2,Cash flow constraints,Active,9754000.0,14945900.0,5191900.0,53.2,1,4195900.0,4688000.0,2601600.0,1398000.0,2062400.0,350200.0,7.5,27,,8895700.0,59.5,0.4232
SCL-0224,Road Construction,Maun,PM_Segametsi,Government,2024-09-13,2027-03-02,,30,47,17,Cash flow constraints,Active,14462000.0,20779100.0,6317100.0,43.7,1,6328000.0,7774600.0,3491800.0,2973000.0,211700.0,402900.0,5.2,33,,14716400.0,70.8,0.6983
SCL-0225,Healthcare Facility,Serowe,PM_Kebonye,Government,2020-09-06,2021-08-02,2022-01-29,11,17,6,Subcontractor failure,Completed,6457000.0,7670700.0,1213700.0,18.8,1,2576700.0,3071700.0,890000.0,395300.0,737000.0,365300.0,11.9,25,80.2,6514600.0,84.9,0.4257
SCL-0226,Healthcare Facility,Serowe,PM_Ditiro,Government,2024-10-19,2025-07-16,,9,9,0,None,Active,7561000.0,7285900.0,-275100.0,0.0,0,2452100.0,2190900.0,1023700.0,771300.0,847900.0,82200.0,3.8,25,,6937600.0,95.2,0.2951
SCL-0227,Healthcare Facility,Palapye,PM_Ditiro,Government,2023-06-04,2024-08-27,2024-09-26,15,16,1,Design changes,Completed,8735000.0,8414400.0,-320600.0,0.0,0,2898800.0,3265000.0,919700.0,477600.0,853300.0,74200.0,2.3,26,83.5,8275200.0,98.3,0.4242
SCL-0228,Commercial Building,Serowe,PM_Moeti,Private,2019-01-16,2020-06-09,2020-06-09,17,17,0,None,Completed,6214000.0,5841800.0,-372200.0,0.0,0,1915400.0,2238500.0,730900.0,419800.0,537200.0,84700.0,3.8,27,81.1,6459700.0,89.4,0.1976
SCL-0229,Residential Building,Maun,PM_Kebonye,Government,2020-04-26,2021-06-20,2021-06-20,14,14,0,None,Completed,4042000.0,3926900.0,-115100.0,0.0,0,1527800.0,1248700.0,693000.0,389800.0,67600.0,34800.0,2.8,23,78.9,4151900.0,94.3,0.4326
SCL-0230,Commercial Building,Serowe,PM_Ditiro,Government,2021-01-30,2023-03-21,2024-05-14,26,40,14,Equipment breakdown,Completed,17766000.0,27398700.0,9632700.0,54.2,1,11185300.0,9371500.0,4003900.0,1518300.0,1319700.0,822400.0,8.8,34,88.8,16914900.0,61.7,0.5829
SCL-0231,Government Office,Francistown,PM_Segametsi,Private,2021-07-16,2023-03-08,2023-11-03,20,28,8,Labour disputes,Completed,11228000.0,15051200.0,3823200.0,34.1,1,4900100.0,5898800.0,2165600.0,1109500.0,977200.0,555400.0,9.4,33,63.4,10459800.0,69.5,0.6033
SCL-0232,Government Office,Palapye,PM_Ditiro,Private,2024-05-29,2025-04-24,,11,15,4,Design changes,Active,5995000.0,8021000.0,2026000.0,33.8,1,2502500.0,2526500.0,953400.0,747700.0,1290900.0,242300.0,9.6,21,,6258000.0,78.0,0.3728
SCL-0233,Residential Building,Maun,PM_Moeti,Government,2023-12-28,2025-10-18,,22,22,0,None,Active,6746000.0,6442600.0,-303400.0,0.0,0,2316100.0,2317800.0,675200.0,846400.0,287100.0,206400.0,8.9,27,,6526600.0,98.7,0.1676
SCL-0234,Commercial Building,Palapye,PM_Ditiro,Government,2021-11-10,2023-03-05,2023-06-03,16,19,3,Cash flow constraints,Completed,10920000.0,12128000.0,1208000.0,11.1,1,4868600.0,5390500.0,1771600.0,1393700.0,-1296400.0,451800.0,8.4,35,77.1,10626500.0,87.6,0.3684
SCL-0235,Government Office,Maun,PM_Moeti,Government,2019-11-18,2020-09-13,2020-10-13,10,11,1,Cash flow constraints,Completed,6082000.0,5784100.0,-297900.0,0.0,0,1947300.0,2522200.0,737400.0,470500.0,106700.0,70400.0,2.8,23,88.3,6283600.0,91.4,0.1575
SCL-0236,Commercial Building,Serowe,PM_Segametsi,Government,2019-05-28,2020-01-23,2020-01-23,8,8,0,None,Completed,4942000.0,4680300.0,-261700.0,0.0,0,1926700.0,1896000.0,530500.0,282200.0,44900.0,53100.0,2.8,22,75.2,4467300.0,95.4,0.5359
SCL-0237,Education Infrastructure,Serowe,PM_Moeti,Government,2022-05-16,2022-10-13,2022-10-13,5,5,0,None,Completed,4014000.0,3812800.0,-201200.0,0.0,0,1137700.0,1623400.0,583700.0,518700.0,-50700.0,37100.0,2.3,23,86.1,3938100.0,96.7,0.1263
SCL-0238,Commercial Building,Serowe,PM_Segametsi,Government,2019-12-27,2022-01-15,2023-01-10,25,37,12,Equipment breakdown,Completed,17176000.0,21955600.0,4779600.0,27.8,1,8449600.0,9475900.0,3319300.0,2269700.0,-1558900.0,1174500.0,12.4,46,67.4,16596800.0,75.6,0.721
SCL-0239,Commercial Building,Maun,PM_Ditiro,Government,2019-07-13,2021-07-02,2021-10-30,24,28,4,Material delivery delays,Completed,2169000.0,3277500.0,1108500.0,51.1,1,1352200.0,1217800.0,440600.0,259900.0,7000.0,62800.0,5.2,12,81.0,2239100.0,68.3,0.3795
SCL-0240,Education Infrastructure,Maun,PM_Kebonye,Government,2022-03-30,2023-01-24,2023-04-24,10,13,3,Cash flow constraints,Completed,4633000.0,5048100.0,415100.0,9.0,1,1855400.0,1905600.0,752500.0,602700.0,-68100.0,354400.0,18.6,21,74.3,4356500.0,86.3,0.4399
SCL-0241,Residential Building,Gaborone,PM_Kebonye,Government,2024-12-05,2026-07-28,,20,20,0,None,Active,2659000.0,2590800.0,-68200.0,0.0,0,780600.0,1154100.0,460600.0,202600.0,-7100.0,25600.0,2.2,15,,2396400.0,92.5,0.3391
SCL-0242,Road Construction,Francistown,PM_Moeti,Government,2023-08-04,2024-12-26,2025-01-25,17,18,1,Subcontractor failure,Completed,10522000.0,10131700.0,-390300.0,0.0,0,3959500.0,3541400.0,1784500.0,563400.0,282900.0,369600.0,10.4,28,87.2,10883500.0,92.6,0.4253
SCL-0243,Commercial Building,Maun,PM_Moeti,Government,2022-04-26,2023-07-20,2023-08-19,15,16,1,Cash flow constraints,Completed,14290000.0,14251700.0,-38300.0,0.0,0,4910000.0,5923700.0,2544900.0,1386400.0,-513300.0,427200.0,7.2,32,93.9,14422000.0,98.8,0.3286
SCL-0244,Government Office,Serowe,PM_Moeti,Government,2022-01-16,2023-01-11,2023-01-11,12,12,0,None,Completed,10482000.0,9757800.0,-724200.0,0.0,0,3029700.0,3092600.0,1229100.0,651200.0,1755200.0,257600.0,8.3,36,80.0,9447800.0,96.8,0.1988
SCL-0245,Road Construction,Serowe,PM_Segametsi,Government,2019-01-02,2021-08-19,2023-02-10,32,50,18,Subcontractor failure,Completed,6410000.0,7815100.0,1405100.0,21.9,1,3249100.0,3234900.0,1003800.0,511000.0,-183700.0,194800.0,6.0,22,57.9,6712900.0,85.9,0.7325
SCL-0246,Government Office,Palapye,PM_Segametsi,Private,2022-01-07,2023-07-01,2023-07-01,18,18,0,None,Completed,2767000.0,2711500.0,-55500.0,0.0,0,774200.0,1100900.0,388900.0,268500.0,179000.0,83600.0,7.6,15,67.5,2684700.0,99.0,0.6227
SCL-0247,Healthcare Facility,Serowe,PM_Kebonye,Government,2020-12-14,2021-10-10,2021-10-10,10,10,0,None,Completed,2409000.0,2311500.0,-97500.0,0.0,0,884600.0,999600.0,298500.0,258900.0,-130100.0,81900.0,8.2,18,61.4,2464100.0,93.4,0.4289
SCL-0248,Residential Building,Serowe,PM_Segametsi,Private,2021-08-14,2022-11-07,2022-12-07,15,16,1,Design changes,Completed,3118000.0,3775900.0,657900.0,21.1,1,1108100.0,1506000.0,660900.0,256200.0,244700.0,86500.0,5.7,15,57.5,2821100.0,74.7,0.5014
SCL-0249,Government Office,Maun,PM_Segametsi,Government,2018-07-21,2019-09-14,2019-10-14,14,15,1,Labour disputes,Completed,11266000.0,17069200.0,5803200.0,51.5,1,5278200.0,6378900.0,1816100.0,2220700.0,1375300.0,1283800.0,20.1,39,67.8,10842300.0,63.5,0.5608
SCL-0250,Commercial Building,Gaborone,PM_Ditiro,Government,2018-11-16,2020-04-09,2020-04-09,17,17,0,None,Completed,13749000.0,12692400.0,-1056600.0,0.0,0,3726400.0,5188300.0,1461600.0,1302500.0,1013600.0,379600.0,7.3,32,82.5,13919200.0,90.3,0.5195
SCL-0251,Education Infrastructure,Gaborone,PM_Ditiro,Government,2019-03-03,2019-12-28,2020-02-26,10,12,2,Labour disputes,Completed,4453000.0,4332800.0,-120200.0,0.0,0,1309100.0,1948700.0,555400.0,353200.0,166400.0,125300.0,6.4,20,86.9,4430700.0,97.7,0.308
SCL-0252,Government Office,Palapye,PM_Kebonye,Government,2020-11-06,2022-09-27,2022-12-26,23,26,3,Cash flow constraints,Completed,5174000.0,6603100.0,1429100.0,27.6,1,2736200.0,1981100.0,810600.0,340900.0,734300.0,110700.0,5.6,27,60.1,4823300.0,73.0,0.5032
SCL-0253,Commercial Building,Gaborone,PM_Ditiro,Private,2024-05-30,2026-07-19,,26,39,13,Design changes,Active,10180000.0,11393500.0,1213500.0,11.9,1,3775700.0,4413000.0,1878600.0,674400.0,651800.0,395400.0,9.0,34,,10266900.0,90.1,0.4587
SCL-0254,Education Infrastructure,Francistown,PM_Segametsi,Private,2019-01-26,2020-02-20,2020-02-20,13,13,0,None,Completed,4386000.0,4280600.0,-105400.0,0.0,0,1636500.0,1654200.0,447200.0,544000.0,-1300.0,46100.0,2.8,20,73.8,4518300.0,94.4,0.5034
SCL-0255,Residential Building,Serowe,PM_Moeti,Government,2021-06-02,2021-12-29,2022-01-28,7,8,1,Subcontractor failure,Completed,8138000.0,7925200.0,-212800.0,0.0,0,2993200.0,2559700.0,1424900.0,1165800.0,-218400.0,223600.0,8.7,26,81.8,7805500.0,98.5,0.1473
SCL-0256,Residential Building,Palapye,PM_Moeti,Government,2022-06-24,2024-05-14,2024-05-14,23,23,0,None,Completed,9326000.0,9028700.0,-297300.0,0.0,0,3077200.0,3653700.0,1250200.0,630300.0,417300.0,351500.0,9.6,31,87.7,9788200.0,91.6,0.1899
SCL-0257,Healthcare Facility,Francistown,PM_Kebonye,Government,2024-06-17,2025-05-13,,11,16,5,Equipment breakdown,Active,7259000.0,8886100.0,1627100.0,22.4,1,2887100.0,3457400.0,1105300.0,1321900.0,114400.0,187100.0,5.4,28,,7012700.0,78.9,0.5694
SCL-0258,Residential Building,Francistown,PM_Ditiro,Government,2019-04-06,2019-12-02,2020-01-01,8,9,1,Cash flow constraints,Completed,9149000.0,8971100.0,-177900.0,0.0,0,3291900.0,2890100.0,1103600.0,756500.0,929000.0,298400.0,10.3,24,79.0,8520900.0,95.0,0.3856
SCL-0259,Healthcare Facility,Francistown,PM_Kebonye,Government,2023-06-02,2024-07-26,2024-07-26,14,14,0,None,Completed,7053000.0,6675900.0,-377100.0,0.0,0,2221200.0,2910100.0,804000.0,373900.0,366700.0,211500.0,7.3,24,75.3,6839600.0,97.5,0.3936
SCL-0260,Road Construction,Gaborone,PM_Segametsi,Government,2022-01-15,2024-06-03,2024-06-03,29,29,0,None,Completed,17586000.0,17559200.0,-26800.0,0.0,0,7048900.0,6978200.0,2290700.0,2592800.0,-1351400.0,300900.0,4.3,48,62.3,17229600.0,98.1,0.679
SCL-0261,Residential Building,Francistown,PM_Segametsi,Government,2020-10-10,2021-05-08,2021-10-05,7,12,5,Cash flow constraints,Completed,8981000.0,12772700.0,3791700.0,42.2,1,3609200.0,5142900.0,1586200.0,1910800.0,523600.0,567800.0,11.0,31,73.7,9266600.0,72.6,0.5826
SCL-0262,Road Construction,Serowe,PM_Ditiro,Government,2019-07-17,2021-03-08,2021-06-06,20,23,3,Scope creep,Completed,10519000.0,13055200.0,2536200.0,24.1,1,5411200.0,5115900.0,1543000.0,966600.0,18500.0,799800.0,15.6,37,89.4,9986700.0,76.5,0.5326
SCL-0263,Healthcare Facility,Francistown,PM_Kebonye,Government,2020-04-08,2021-08-01,2021-09-30,16,18,2,Labour disputes,Completed,5732000.0,5491800.0,-240200.0,0.0,0,1641700.0,2467800.0,613000.0,787000.0,-17700.0,290200.0,11.8,24,61.5,5777400.0,94.8,0.5266
SCL-0264,Residential Building,Palapye,PM_Kebonye,Private,2022-08-12,2024-03-04,2024-06-02,19,22,3,Weather conditions,Completed,9537000.0,13569300.0,4032300.0,42.3,1,5360400.0,5367000.0,1521900.0,933500.0,386500.0,942000.0,17.6,36,60.6,9465900.0,69.8,0.415
SCL-0265,Healthcare Facility,Serowe,PM_Kebonye,Government,2022-01-11,2022-07-10,2022-09-08,6,8,2,Design changes,Completed,3001000.0,4420700.0,1419700.0,47.3,1,1527900.0,1756900.0,579100.0,430500.0,126300.0,142800.0,8.1,16,65.0,3137000.0,71.0,0.5614
SCL-0266,Commercial Building,Maun,PM_Kebonye,Private,2018-09-28,2019-11-22,2020-06-19,14,21,7,Scope creep,Completed,17812000.0,27205100.0,9393100.0,52.7,1,9290500.0,10679600.0,4607000.0,3774900.0,-1146900.0,1782800.0,16.7,44,77.1,18233200.0,67.0,0.6307
SCL-0267,Government Office,Palapye,PM_Segametsi,Government,2023-11-22,2025-10-12,,23,35,12,Material delivery delays,Active,11781000.0,13014000.0,1233000.0,10.5,1,4476400.0,5617700.0,1557200.0,1350700.0,12000.0,1119200.0,19.9,35,,11515000.0,88.5,0.5597
SCL-0268,Government Office,Gaborone,PM_Kebonye,Government,2021-03-17,2022-06-10,2022-06-10,15,15,0,None,Completed,7475000.0,7222400.0,-252600.0,0.0,0,2642200.0,2225800.0,804400.0,960500.0,589500.0,159600.0,7.2,23,75.9,7600700.0,94.8,0.4268
SCL-0269,Government Office,Serowe,PM_Kebonye,Government,2020-01-03,2020-07-01,2020-07-31,6,7,1,Subcontractor failure,Completed,6543000.0,6081000.0,-462000.0,0.0,0,1779500.0,2119900.0,954200.0,403800.0,823600.0,179900.0,8.5,25,62.5,6244900.0,97.3,0.3807
SCL-0270,Healthcare Facility,Maun,PM_Kebonye,Government,2019-12-01,2021-05-24,2021-05-24,18,18,0,None,Completed,4169000.0,3980400.0,-188600.0,0.0,0,1482000.0,1283700.0,455000.0,482400.0,277300.0,137200.0,10.7,22,66.8,4031200.0,98.7,0.5214
SCL-0271,Government Office,Francistown,PM_Moeti,Private,2024-12-25,2025-06-23,,6,6,0,None,Active,14505000.0,13926400.0,-578600.0,0.0,0,5473700.0,5448000.0,1634300.0,1614700.0,-244300.0,377800.0,6.9,37,,14362600.0,96.9,0.2733
SCL-0272,Road Construction,Francistown,PM_Ditiro,Government,2020-04-30,2023-02-14,2023-12-11,34,44,10,Labour disputes,Completed,15266000.0,17160900.0,1894900.0,12.4,1,6374600.0,5242800.0,2631800.0,2296200.0,615500.0,1023100.0,19.5,32,88.4,14694200.0,85.6,0.5685
SCL-0273,Residential Building,Francistown,PM_Ditiro,Government,2024-04-21,2026-04-11,,24,24,0,None,Active,8761000.0,8108100.0,-652900.0,0.0,0,2376000.0,2796400.0,1056600.0,460300.0,1418800.0,159000.0,5.7,30,,8269700.0,98.0,0.3681
SCL-0274,Residential Building,Gaborone,PM_Ditiro,Government,2020-05-06,2021-05-01,2021-06-30,12,14,2,Cash flow constraints,Completed,5844000.0,5792900.0,-51100.0,0.0,0,2213800.0,2284400.0,803400.0,688600.0,-197300.0,271200.0,11.9,27,78.5,5487200.0,94.7,0.3787
SCL-0275,Healthcare Facility,Serowe,PM_Ditiro,Private,2023-10-30,2024-11-23,2024-12-23,13,14,1,Design changes,Completed,5991000.0,5567500.0,-423500.0,0.0,0,1740300.0,1912800.0,609400.0,537200.0,767800.0,75300.0,3.9,29,86.0,5764000.0,96.5,0.3923
SCL-0276,Commercial Building,Palapye,PM_Kebonye,Government,2020-11-08,2022-04-02,2022-05-02,17,18,1,Material delivery delays,Completed,5219000.0,5090500.0,-128500.0,0.0,0,1786400.0,1774500.0,788300.0,428300.0,313000.0,36600.0,2.1,20,78.3,5349900.0,94.9,0.4679
SCL-0277,Government Office,Maun,PM_Segametsi,Private,2019-09-29,2021-06-20,2021-07-20,21,22,1,Labour disputes,Completed,10571000.0,10287600.0,-283400.0,0.0,0,4009700.0,3725100.0,1716100.0,822300.0,14400.0,351100.0,9.4,26,67.8,10429500.0,98.6,0.5293
SCL-0278,Commercial Building,Palapye,PM_Moeti,Private,2021-10-21,2022-06-18,2022-07-18,8,9,1,Labour disputes,Completed,6487000.0,6161900.0,-325100.0,0.0,0,2452000.0,2376300.0,909600.0,840800.0,-416800.0,140100.0,5.9,23,90.1,5922800.0,96.1,0.2068
SCL-0279,Residential Building,Palapye,PM_Segametsi,Private,2021-05-23,2023-03-14,2023-09-10,22,28,6,Equipment breakdown,Completed,4678000.0,5384600.0,706600.0,15.1,1,1577500.0,2024100.0,928300.0,352200.0,502500.0,376100.0,18.6,21,71.8,4754400.0,88.3,0.5454
SCL-0280,Residential Building,Gaborone,PM_Kebonye,Government,2023-11-10,2025-05-03,,18,20,2,Cash flow constraints,Active,1884000.0,2271100.0,387100.0,20.5,1,649900.0,970300.0,287700.0,315500.0,47700.0,192300.0,19.8,11,,1910000.0,84.1,0.4526
SCL-0281,Government Office,Francistown,PM_Ditiro,Government,2021-07-31,2023-06-21,2024-03-17,23,32,9,Labour disputes,Completed,6082000.0,6865000.0,783000.0,12.9,1,2032200.0,3046300.0,742700.0,715700.0,328100.0,442100.0,14.5,29,75.4,6207300.0,90.4,0.391
SCL-0282,Healthcare Facility,Francistown,PM_Kebonye,Government,2024-01-24,2024-12-19,2024-12-19,11,11,0,None,Completed,5983000.0,5920700.0,-62300.0,0.0,0,2048000.0,2376100.0,617600.0,548500.0,330500.0,72700.0,3.1,25,73.1,6135100.0,96.4,0.4261
SCL-0283,Government Office,Maun,PM_Ditiro,Government,2018-11-18,2020-10-08,2021-10-03,23,35,12,Equipment breakdown,Completed,12718000.0,14192000.0,1474000.0,11.6,1,5588800.0,6215400.0,1936500.0,1681000.0,-1229700.0,805600.0,13.0,42,79.4,11720400.0,82.6,0.4964
SCL-0284,Healthcare Facility,Palapye,PM_Ditiro,Government,2021-09-15,2023-01-08,2023-01-08,16,16,0,None,Completed,6657000.0,6187100.0,-469900.0,0.0,0,2125000.0,1884200.0,792700.0,594700.0,790500.0,127200.0,6.8,26,85.4,6118500.0,98.9,0.3895
SCL-0285,Road Construction,Maun,PM_Moeti,Government,2021-05-22,2024-02-06,2024-02-06,33,33,0,None,Completed,17288000.0,16429300.0,-858700.0,0.0,0,5860500.0,7328800.0,2090700.0,2158700.0,-1009400.0,427900.0,5.8,40,91.3,17600900.0,92.9,0.3869
SCL-0286,Healthcare Facility,Francistown,PM_Kebonye,Government,2024-06-09,2026-01-30,,20,20,0,None,Active,1808000.0,1791500.0,-16500.0,0.0,0,651100.0,624900.0,243000.0,144800.0,127700.0,18600.0,3.0,13,,1813100.0,98.8,0.4687
SCL-0287,Healthcare Facility,Maun,PM_Ditiro,Government,2020-06-10,2021-01-06,2021-01-06,7,7,0,None,Completed,6349000.0,6025900.0,-323100.0,0.0,0,1687400.0,1940400.0,858700.0,536300.0,1003100.0,67800.0,3.5,27,73.9,6015600.0,99.8,0.4445
SCL-0288,Healthcare Facility,Palapye,PM_Segametsi,Private,2024-07-14,2025-02-09,2025-03-11,7,8,1,Material delivery delays,Completed,8338000.0,12867300.0,4529300.0,54.3,1,4331000.0,4106400.0,1666800.0,1349600.0,1413500.0,410700.0,10.0,32,71.2,7953500.0,61.8,0.5164
SCL-0289,Commercial Building,Gaborone,PM_Kebonye,Government,2021-07-27,2023-11-14,2025-01-07,28,42,14,Weather conditions,Completed,11443000.0,13223600.0,1780600.0,15.6,1,4023600.0,4242900.0,2214500.0,1137600.0,1605000.0,612800.0,14.4,38,66.3,10514200.0,79.5,0.5451
SCL-0290,Road Construction,Gaborone,PM_Moeti,Government,2022-11-24,2025-04-12,,29,31,2,Weather conditions,Active,22468000.0,22224000.0,-244000.0,0.0,0,6649700.0,9353900.0,3811100.0,2656600.0,-247300.0,991700.0,10.6,46,,21650600.0,97.4,0.4128
SCL-0291,Education Infrastructure,Maun,PM_Ditiro,Government,2024-06-25,2024-10-23,2024-10-23,4,4,0,None,Completed,3009000.0,2944200.0,-64800.0,0.0,0,1206300.0,1137800.0,303300.0,289500.0,7300.0,26600.0,2.3,20,81.6,2744200.0,93.2,0.204
SCL-0292,Government Office,Serowe,PM_Ditiro,Government,2020-10-01,2021-05-29,2021-05-29,8,8,0,None,Completed,3478000.0,3271600.0,-206400.0,0.0,0,1355900.0,1019800.0,536000.0,265800.0,94100.0,85000.0,8.3,20,76.9,3374800.0,96.8,0.3683
SCL-0293,Healthcare Facility,Maun,PM_Ditiro,Government,2021-04-21,2022-10-13,2022-10-13,18,18,0,None,Completed,8693000.0,8171800.0,-521200.0,0.0,0,3119800.0,3142500.0,1126500.0,546800.0,236200.0,82200.0,2.6,33,89.8,8637800.0,94.3,0.4102
SCL-0294,Commercial Building,Maun,PM_Moeti,Government,2020-10-29,2022-02-21,2022-05-22,16,19,3,Equipment breakdown,Completed,3230000.0,3845300.0,615300.0,19.0,1,1538500.0,1161800.0,438200.0,419800.0,287000.0,80100.0,6.9,15,84.3,3286100.0,85.5,0.2792
SCL-0295,Residential Building,Maun,PM_Kebonye,Private,2018-12-12,2020-04-05,2020-04-05,16,16,0,None,Completed,10551000.0,9844000.0,-707000.0,0.0,0,3793700.0,3563000.0,1504700.0,1206900.0,-224300.0,207800.0,5.8,36,72.7,9581900.0,97.3,0.5186
SCL-0296,Commercial Building,Gaborone,PM_Moeti,Government,2023-05-05,2024-09-26,2024-10-26,17,18,1,Material delivery delays,Completed,8380000.0,7875600.0,-504400.0,0.0,0,2792300.0,2811400.0,1086600.0,508100.0,677200.0,254600.0,9.1,32,82.9,8022200.0,98.1,0.2782
SCL-0297,Commercial Building,Serowe,PM_Moeti,Government,2022-11-04,2024-05-27,2024-05-27,19,19,0,None,Completed,10501000.0,10273900.0,-227100.0,0.0,0,4030700.0,3475700.0,1406400.0,1207500.0,153600.0,272600.0,7.8,35,89.4,10269900.0,100.0,0.2467
SCL-0298,Government Office,Francistown,PM_Ditiro,Government,2018-02-18,2018-10-16,2018-11-15,8,9,1,Material delivery delays,Completed,10910000.0,10451500.0,-458500.0,0.0,0,3929400.0,3686500.0,1255800.0,558200.0,1021600.0,341100.0,9.3,35,88.8,11186200.0,93.0,0.3581
SCL-0299,Healthcare Facility,Gaborone,PM_Moeti,Government,2024-05-07,2025-05-02,,12,19,7,Labour disputes,Active,5917000.0,6758000.0,841000.0,14.2,1,2170900.0,2696900.0,920900.0,1010500.0,-41200.0,169600.0,6.3,21,,6018200.0,89.1,0.2601
SCL-0300,Commercial Building,Gaborone,PM_Segametsi,Government,2020-12-20,2022-04-14,2023-01-09,16,25,9,Scope creep,Completed,17935000.0,19454100.0,1519100.0,8.5,1,8114700.0,6421800.0,2950000.0,1183600.0,784000.0,749700.0,11.7,44,60.0,18596600.0,95.6,0.6595
